{"type": "FeatureCollection", "features": [{"type": "Feature", "properties": {"route": "1", "color": "#EE352E"}, "geometry": {"type": "LineString", "coordinates": [[-73.898583, 40.889248], [-73.899616, 40.887195], [-73.900041, 40.886309], [-73.90073, 40.884928], [-73.900991, 40.884461], [-73.901602, 40.883467], [-73.901899, 40.882988], [-73.902223, 40.882525], [-73.904834, 40.878856], [-73.905744, 40.877584], [-73.906061, 40.877176], [-73.906585, 40.876765], [-73.907296, 40.876388], [-73.90795, 40.876002], [-73.908261, 40.87577], [-73.908878, 40.875276], [-73.90965, 40.874686], [-73.910249, 40.874278], [-73.912201, 40.872766], [-73.913, 40.872111], [-73.913415, 40.871758], [-73.913803, 40.871376], [-73.914141, 40.870986], [-73.914666, 40.870276], [-73.915279, 40.869444], [-73.918822, 40.864621], [-73.919309, 40.86395], [-73.919565, 40.863669], [-73.919867, 40.863451], [-73.920305, 40.863239], [-73.923966, 40.861888], [-73.924333, 40.861712], [-73.924807, 40.861396], [-73.925109, 40.861102], [-73.925536, 40.860531], [-73.929412, 40.855225], [-73.933596, 40.849505], [-73.940133, 40.840556], [-73.94489, 40.834041], [-73.95036, 40.826551], [-73.953676, 40.822008], [-73.958372, 40.815581], [-73.96411, 40.807722], [-73.966847, 40.803967], [-73.967313, 40.803324], [-73.967582, 40.802929], [-73.967719, 40.802605], [-73.967832, 40.801984], [-73.967929, 40.80087], [-73.96798, 40.80051], [-73.968082, 40.800124], [-73.96821, 40.799772], [-73.968379, 40.799446], [-73.968544, 40.799141], [-73.968745, 40.798827], [-73.96898, 40.798506], [-73.972265, 40.794005], [-73.975942, 40.788957], [-73.976218, 40.788644], [-73.977107, 40.787601], [-73.977656, 40.786953], [-73.979917, 40.783934], [-73.980371, 40.783313], [-73.980572, 40.78297], [-73.980748, 40.782622], [-73.980924, 40.782155], [-73.981314, 40.780996], [-73.981757, 40.779426], [-73.981906, 40.778822], [-73.98197, 40.778453], [-73.982058, 40.777869], [-73.982091, 40.777496], [-73.982212, 40.774166], [-73.982209, 40.77344], [-73.982098, 40.769222], [-73.982088, 40.768794], [-73.982012, 40.768454], [-73.981781, 40.767895], [-73.981697, 40.767561], [-73.981702, 40.767172], [-73.981755, 40.766808], [-73.98191, 40.765808], [-73.981977, 40.765461], [-73.982063, 40.765125], [-73.98232, 40.764386], [-73.982464, 40.764029], [-73.982626, 40.763714], [-73.982793, 40.763412], [-73.983038, 40.76298], [-73.983358, 40.762486], [-73.983849, 40.761728], [-73.984294, 40.76104], [-73.984577, 40.760592], [-73.984725, 40.760283], [-73.984959, 40.759714], [-73.985063, 40.759405], [-73.98533, 40.758631], [-73.985512, 40.758156], [-73.985709, 40.757758], [-73.986009, 40.757342], [-73.987495, 40.75529], [-73.991057, 40.750373], [-73.993365, 40.747215], [-73.995657, 40.744081], [-73.997871, 40.74104], [-74.000201, 40.737826], [-74.000973, 40.736761], [-74.001229, 40.736358], [-74.001452, 40.735973], [-74.002906, 40.733422], [-74.004682, 40.730321], [-74.004935, 40.729881], [-74.005112, 40.729532], [-74.005221, 40.729169], [-74.005367, 40.728251], [-74.006277, 40.722854], [-74.006886, 40.719318], [-74.007031, 40.718563], [-74.007133, 40.718228], [-74.009266, 40.715478], [-74.010188, 40.714303], [-74.010473, 40.713961], [-74.010848, 40.713482], [-74.011116, 40.713229], [-74.011667, 40.712783], [-74.011929, 40.712486], [-74.012094, 40.712154], [-74.012188, 40.711835], [-74.012375, 40.711112], [-74.012529, 40.7105], [-74.012648, 40.710132], [-74.013471, 40.708242], [-74.013783, 40.707513], [-74.01483, 40.705092], [-74.015052, 40.704568], [-74.015127, 40.704247], [-74.015041, 40.703625], [-74.014893, 40.703307], [-74.013664, 40.702068]]}}, {"type": "Feature", "properties": {"route": "2", "color": "#EE352E"}, "geometry": {"type": "LineString", "coordinates": [[-73.85062, 40.903125], [-73.85136, 40.902261], [-73.851628, 40.901895], [-73.852026, 40.901261], [-73.85234, 40.900798], [-73.852766, 40.90026], [-73.853045, 40.899929], [-73.853333, 40.899595], [-73.854376, 40.898379], [-73.854784, 40.8979], [-73.855124, 40.897451], [-73.857473, 40.893193], [-73.860341, 40.888022], [-73.862633, 40.883895], [-73.863846, 40.881715], [-73.866256, 40.87785], [-73.866787, 40.876988], [-73.86697, 40.876523], [-73.867016, 40.87619], [-73.867025, 40.875827], [-73.867164, 40.871356], [-73.867352, 40.865462], [-73.867615, 40.857192], [-73.867834, 40.850249], [-73.867873, 40.849929], [-73.868153, 40.849338], [-73.868457, 40.848828], [-73.869194, 40.847565], [-73.869431, 40.847153], [-73.869609, 40.846768], [-73.869952, 40.845968], [-73.870143, 40.845525], [-73.870472, 40.844767], [-73.870717, 40.844293], [-73.871028, 40.84391], [-73.871389, 40.843567], [-73.87179, 40.84325], [-73.873488, 40.841894], [-73.874109, 40.841402], [-73.874543, 40.84117], [-73.876313, 40.840847], [-73.876841, 40.840784], [-73.87733, 40.840817], [-73.877782, 40.840945], [-73.878219, 40.84113], [-73.878599, 40.841267], [-73.879076, 40.841205], [-73.879734, 40.840583], [-73.880049, 40.840295], [-73.880498, 40.840057], [-73.881149, 40.839802], [-73.881759, 40.839642], [-73.882191, 40.839591], [-73.88303, 40.839546], [-73.883573, 40.839484], [-73.884172, 40.839342], [-73.884651, 40.839165], [-73.88512, 40.838935], [-73.887183, 40.837713], [-73.887544, 40.837463], [-73.887939, 40.837034], [-73.888195, 40.836619], [-73.89134, 40.831358], [-73.891611, 40.830888], [-73.891793, 40.830395], [-73.891865, 40.829993], [-73.891924, 40.825522], [-73.891922, 40.825069], [-73.892021, 40.824739], [-73.892368, 40.824431], [-73.892771, 40.824223], [-73.896736, 40.822181], [-73.90177, 40.819585], [-73.902687, 40.819113], [-73.903268, 40.818818], [-73.90421, 40.8184], [-73.905114, 40.818004], [-73.905518, 40.817813], [-73.905946, 40.817578], [-73.907807, 40.81649], [-73.908375, 40.816174], [-73.908903, 40.816003], [-73.909395, 40.815936], [-73.910082, 40.815931], [-73.910726, 40.815949], [-73.911842, 40.816033], [-73.912669, 40.816113], [-73.913328, 40.81618], [-73.913796, 40.816213], [-73.914233, 40.816171], [-73.914728, 40.816005], [-73.915203, 40.81582], [-73.91568, 40.815699], [-73.916277, 40.815702], [-73.917757, 40.816109], [-73.926718, 40.81841], [-73.927782, 40.818685], [-73.928935, 40.818984], [-73.929455, 40.8191], [-73.929973, 40.819194], [-73.930486, 40.819264], [-73.930996, 40.819311], [-73.931501, 40.819335], [-73.93526, 40.819299], [-73.935839, 40.81927], [-73.936378, 40.819161], [-73.936877, 40.818975], [-73.937336, 40.818712], [-73.937754, 40.818371], [-73.94077, 40.814229], [-73.945495, 40.807754], [-73.949625, 40.802098], [-73.951822, 40.799075], [-73.952174, 40.798665], [-73.952702, 40.798356], [-73.95331, 40.798177], [-73.956739, 40.797535], [-73.960573, 40.796904], [-73.961185, 40.79689], [-73.961593, 40.797002], [-73.962047, 40.797184], [-73.966582, 40.799099], [-73.967143, 40.799251], [-73.967664, 40.799268], [-73.968144, 40.79915], [-73.968582, 40.798896], [-73.968852, 40.798651], [-73.972265, 40.794005], [-73.975942, 40.788957], [-73.976218, 40.788644], [-73.977107, 40.787601], [-73.977656, 40.786953], [-73.979917, 40.783934], [-73.980371, 40.783313], [-73.980572, 40.78297], [-73.980748, 40.782622], [-73.980924, 40.782155], [-73.981314, 40.780996], [-73.981757, 40.779426], [-73.981906, 40.778822], [-73.98197, 40.778453], [-73.982058, 40.777869], [-73.982091, 40.777496], [-73.982212, 40.774166], [-73.982209, 40.77344], [-73.982098, 40.769222], [-73.982088, 40.768794], [-73.982012, 40.768454], [-73.981781, 40.767895], [-73.981697, 40.767561], [-73.981702, 40.767172], [-73.981755, 40.766808], [-73.98191, 40.765808], [-73.981977, 40.765461], [-73.982063, 40.765125], [-73.98232, 40.764386], [-73.982464, 40.764029], [-73.982626, 40.763714], [-73.982793, 40.763412], [-73.983038, 40.76298], [-73.983358, 40.762486], [-73.983849, 40.761728], [-73.984294, 40.76104], [-73.984577, 40.760592], [-73.984725, 40.760283], [-73.984959, 40.759714], [-73.985063, 40.759405], [-73.98533, 40.758631], [-73.985512, 40.758156], [-73.985709, 40.757758], [-73.986009, 40.757342], [-73.987495, 40.75529], [-73.991057, 40.750373], [-73.993365, 40.747215], [-73.995657, 40.744081], [-73.997871, 40.74104], [-74.000201, 40.737826], [-74.000973, 40.736761], [-74.001229, 40.736358], [-74.001452, 40.735973], [-74.002906, 40.733422], [-74.004682, 40.730321], [-74.004935, 40.729881], [-74.005112, 40.729532], [-74.005221, 40.729169], [-74.005367, 40.728251], [-74.006277, 40.722854], [-74.006886, 40.719318], [-74.007031, 40.718563], [-74.007133, 40.718228], [-74.009266, 40.715478], [-74.010188, 40.714303], [-74.010353, 40.713961], [-74.01016, 40.713662], [-74.008811, 40.713051], [-74.007962, 40.712663], [-74.007548, 40.712431], [-74.007289, 40.712145], [-74.007035, 40.711788], [-74.005949, 40.710726], [-74.005761, 40.710437], [-74.006571, 40.709416], [-74.008172, 40.707811], [-74.008592, 40.707382], [-74.0091, 40.706821], [-74.009488, 40.706375], [-74.009801, 40.705922], [-74.009938, 40.705567], [-74.009987, 40.705177], [-74.009737, 40.70477], [-74.007127, 40.702464], [-74.006508, 40.701924], [-74.006073, 40.701603], [-74.005659, 40.701345], [-74.005185, 40.701068], [-74.00471, 40.700828], [-74.00426, 40.700635], [-74.003652, 40.700423], [-74.00291, 40.700174], [-73.993086, 40.697466], [-73.992018, 40.69718], [-73.991599, 40.697007], [-73.991329, 40.696763], [-73.991177, 40.696442], [-73.990565, 40.694474], [-73.990454, 40.694162], [-73.989998, 40.693219], [-73.989735, 40.692699], [-73.989522, 40.692427], [-73.989185, 40.692195], [-73.985065, 40.690545], [-73.981616, 40.689164], [-73.981205, 40.688987], [-73.980884, 40.688757], [-73.980654, 40.688475], [-73.978708, 40.685781], [-73.977666, 40.684359], [-73.975098, 40.680829], [-73.971046, 40.675235], [-73.969806, 40.673679], [-73.969546, 40.673414], [-73.969088, 40.673121], [-73.968631, 40.672955], [-73.964375, 40.671987], [-73.958131, 40.670682], [-73.955823, 40.670208], [-73.955258, 40.670118], [-73.954713, 40.670083], [-73.951706, 40.669922], [-73.950466, 40.669847], [-73.942161, 40.669399], [-73.932942, 40.668897], [-73.926593, 40.668554], [-73.926171, 40.668508], [-73.925706, 40.668373], [-73.925356, 40.668087], [-73.925038, 40.667735], [-73.924861, 40.667449], [-73.924503, 40.666613], [-73.924293, 40.666249], [-73.92261, 40.664717], [-73.919094, 40.661573], [-73.918789, 40.661345], [-73.918245, 40.661198], [-73.917633, 40.661257], [-73.916327, 40.661453], [-73.908946, 40.662549], [-73.902447, 40.663515], [-73.894895, 40.664635], [-73.889395, 40.665449], [-73.884079, 40.666235]]}}, {"type": "Feature", "properties": {"route": "3", "color": "#EE352E"}, "geometry": {"type": "LineString", "coordinates": [[-73.93647, 40.82388], [-73.935118, 40.823318], [-73.934777, 40.823066], [-73.934725, 40.82271], [-73.935052, 40.821888], [-73.935519, 40.821358], [-73.936245, 40.820421], [-73.937754, 40.818371], [-73.94077, 40.814229], [-73.945495, 40.807754], [-73.949625, 40.802098], [-73.951822, 40.799075], [-73.952174, 40.798665], [-73.952702, 40.798356], [-73.95331, 40.798177], [-73.956739, 40.797535], [-73.960573, 40.796904], [-73.961185, 40.79689], [-73.961593, 40.797002], [-73.962047, 40.797184], [-73.966582, 40.799099], [-73.967143, 40.799251], [-73.967664, 40.799268], [-73.968144, 40.79915], [-73.968582, 40.798896], [-73.968852, 40.798651], [-73.972265, 40.794005], [-73.975942, 40.788957], [-73.976218, 40.788644], [-73.977107, 40.787601], [-73.977656, 40.786953], [-73.979917, 40.783934], [-73.980371, 40.783313], [-73.980572, 40.78297], [-73.980748, 40.782622], [-73.980924, 40.782155], [-73.981314, 40.780996], [-73.981757, 40.779426], [-73.981906, 40.778822], [-73.98197, 40.778453], [-73.982058, 40.777869], [-73.982091, 40.777496], [-73.982212, 40.774166], [-73.982209, 40.77344], [-73.982098, 40.769222], [-73.982088, 40.768794], [-73.982012, 40.768454], [-73.981781, 40.767895], [-73.981697, 40.767561], [-73.981702, 40.767172], [-73.981755, 40.766808], [-73.98191, 40.765808], [-73.981977, 40.765461], [-73.982063, 40.765125], [-73.98232, 40.764386], [-73.982464, 40.764029], [-73.982626, 40.763714], [-73.982793, 40.763412], [-73.983038, 40.76298], [-73.983358, 40.762486], [-73.983849, 40.761728], [-73.984294, 40.76104], [-73.984577, 40.760592], [-73.984725, 40.760283], [-73.984959, 40.759714], [-73.985063, 40.759405], [-73.98533, 40.758631], [-73.985512, 40.758156], [-73.985709, 40.757758], [-73.986009, 40.757342], [-73.987495, 40.75529], [-73.991057, 40.750373], [-73.993365, 40.747215], [-73.995657, 40.744081], [-73.997871, 40.74104], [-74.000201, 40.737826], [-74.000973, 40.736761], [-74.001229, 40.736358], [-74.001452, 40.735973], [-74.002906, 40.733422], [-74.004682, 40.730321], [-74.004935, 40.729881], [-74.005112, 40.729532], [-74.005221, 40.729169], [-74.005367, 40.728251], [-74.006277, 40.722854], [-74.006886, 40.719318], [-74.007031, 40.718563], [-74.007133, 40.718228], [-74.009266, 40.715478], [-74.010188, 40.714303], [-74.010353, 40.713961], [-74.01016, 40.713662], [-74.008811, 40.713051], [-74.007962, 40.712663], [-74.007548, 40.712431], [-74.007289, 40.712145], [-74.007035, 40.711788], [-74.005949, 40.710726], [-74.005761, 40.710437], [-74.006571, 40.709416], [-74.008172, 40.707811], [-74.008592, 40.707382], [-74.0091, 40.706821], [-74.009488, 40.706375], [-74.009801, 40.705922], [-74.009938, 40.705567], [-74.009987, 40.705177], [-74.009737, 40.70477], [-74.007127, 40.702464], [-74.006508, 40.701924], [-74.006073, 40.701603], [-74.005659, 40.701345], [-74.005185, 40.701068], [-74.00471, 40.700828], [-74.00426, 40.700635], [-74.003652, 40.700423], [-74.00291, 40.700174], [-73.993086, 40.697466], [-73.992018, 40.69718], [-73.991599, 40.697007], [-73.991329, 40.696763], [-73.991177, 40.696442], [-73.990565, 40.694474], [-73.990454, 40.694162], [-73.989998, 40.693219], [-73.989735, 40.692699], [-73.989522, 40.692427], [-73.989185, 40.692195], [-73.985065, 40.690545], [-73.981616, 40.689164], [-73.981205, 40.688987], [-73.980884, 40.688757], [-73.980654, 40.688475], [-73.978708, 40.685781], [-73.977666, 40.684359], [-73.975098, 40.680829], [-73.971046, 40.675235], [-73.969806, 40.673679], [-73.969546, 40.673414], [-73.969088, 40.673121], [-73.968631, 40.672955], [-73.964375, 40.671987], [-73.958131, 40.670682], [-73.955823, 40.670208], [-73.955258, 40.670118], [-73.954713, 40.670083], [-73.951706, 40.669922], [-73.950466, 40.669847], [-73.942161, 40.669399], [-73.932942, 40.668897], [-73.926593, 40.668554], [-73.926171, 40.668508], [-73.925706, 40.668373], [-73.925356, 40.668087], [-73.925038, 40.667735], [-73.924861, 40.667449], [-73.924503, 40.666613], [-73.924293, 40.666249], [-73.92261, 40.664717], [-73.919094, 40.661573], [-73.918789, 40.661345], [-73.918245, 40.661198], [-73.917633, 40.661257], [-73.916327, 40.661453], [-73.908946, 40.662549], [-73.902447, 40.663515], [-73.894895, 40.664635], [-73.889395, 40.665449], [-73.884079, 40.666235]]}}, {"type": "Feature", "properties": {"route": "4", "color": "#00933C"}, "geometry": {"type": "LineString", "coordinates": [[-73.884079, 40.666235], [-73.889395, 40.665449], [-73.894895, 40.664635], [-73.902447, 40.663515], [-73.908946, 40.662549], [-73.916327, 40.661453], [-73.917633, 40.661257], [-73.918245, 40.661198], [-73.918789, 40.661345], [-73.919094, 40.661573], [-73.92261, 40.664717], [-73.924177, 40.666124], [-73.92441, 40.666422], [-73.924808, 40.667332], [-73.924974, 40.667649], [-73.925356, 40.668087], [-73.925625, 40.668327], [-73.926171, 40.668508], [-73.926593, 40.668554], [-73.932942, 40.668897], [-73.942161, 40.669399], [-73.950466, 40.669847], [-73.951706, 40.669922], [-73.954713, 40.670083], [-73.955258, 40.670118], [-73.955823, 40.670208], [-73.958131, 40.670682], [-73.964375, 40.671987], [-73.968465, 40.672915], [-73.968947, 40.673056], [-73.969397, 40.673299], [-73.969694, 40.673552], [-73.971046, 40.675235], [-73.975098, 40.680829], [-73.977666, 40.684359], [-73.978708, 40.685781], [-73.980492, 40.688246], [-73.980697, 40.688533], [-73.980941, 40.688808], [-73.98128, 40.689027], [-73.985065, 40.690545], [-73.989185, 40.692195], [-73.989623, 40.692314], [-73.990067, 40.692392], [-73.99508, 40.693147], [-73.998992, 40.693837], [-74.00052, 40.694217], [-74.001108, 40.694369], [-74.001884, 40.69456], [-74.002639, 40.694739], [-74.003274, 40.694909], [-74.003986, 40.695132], [-74.004589, 40.695366], [-74.005177, 40.695589], [-74.005764, 40.695813], [-74.006198, 40.696065], [-74.012544, 40.700938], [-74.013973, 40.702003], [-74.014341, 40.702361], [-74.014569, 40.702752], [-74.01466, 40.703176], [-74.014612, 40.703634], [-74.014503, 40.703957], [-74.014065, 40.704817], [-74.013854, 40.705168], [-74.011862, 40.707557], [-74.009509, 40.710368], [-74.00877, 40.711218], [-74.008441, 40.711419], [-74.00529, 40.712214], [-74.004886, 40.712363], [-74.004131, 40.713065], [-74.003437, 40.71385], [-74.003242, 40.714149], [-74.003166, 40.714504], [-74.003063, 40.715371], [-74.002963, 40.715687], [-74.000193, 40.718803], [-73.999049, 40.720055], [-73.997276, 40.722125], [-73.997081, 40.722407], [-73.996736, 40.723289], [-73.99656, 40.723584], [-73.994659, 40.725915], [-73.993622, 40.727308], [-73.99174, 40.729514], [-73.991466, 40.729785], [-73.991125, 40.730023], [-73.990827, 40.730246], [-73.990603, 40.730548], [-73.990468, 40.730923], [-73.989863, 40.733476], [-73.989838, 40.733829], [-73.989857, 40.734145], [-73.989911, 40.73449], [-73.989967, 40.734832], [-73.989933, 40.735181], [-73.986599, 40.739864], [-73.984264, 40.74307], [-73.982076, 40.746081], [-73.978287, 40.751266], [-73.977964, 40.751509], [-73.976848, 40.751776], [-73.976038, 40.751967], [-73.975634, 40.752119], [-73.97192, 40.757107], [-73.967967, 40.762526], [-73.96387, 40.768141], [-73.959874, 40.77362], [-73.955589, 40.779492], [-73.95107, 40.785672], [-73.947478, 40.7906], [-73.94425, 40.79502], [-73.941617, 40.798629], [-73.937594, 40.804138], [-73.934685, 40.808118], [-73.934455, 40.808403], [-73.930931, 40.812093], [-73.929849, 40.813224], [-73.929281, 40.813881], [-73.92908, 40.814189], [-73.928927, 40.814511], [-73.928138, 40.816617], [-73.928008, 40.816962], [-73.927859, 40.817304], [-73.927351, 40.818375], [-73.926469, 40.820256], [-73.926341, 40.820563], [-73.926218, 40.821007], [-73.926171, 40.821438], [-73.9262, 40.821856], [-73.926304, 40.82226], [-73.927026, 40.824371], [-73.927165, 40.824773], [-73.92721, 40.825108], [-73.927148, 40.825624], [-73.926972, 40.826064], [-73.925831, 40.827994], [-73.9214, 40.835537], [-73.920476, 40.837105], [-73.92013, 40.837556], [-73.919553, 40.837967], [-73.919114, 40.838292], [-73.918774, 40.838699], [-73.917791, 40.840075], [-73.914685, 40.844434], [-73.911794, 40.84848], [-73.910631, 40.850105], [-73.910417, 40.850407], [-73.910183, 40.850705], [-73.909929, 40.851], [-73.907684, 40.853453], [-73.905801, 40.855537], [-73.905533, 40.855839], [-73.905292, 40.856143], [-73.905078, 40.856446], [-73.903879, 40.858407], [-73.90209, 40.861321], [-73.901915, 40.861609], [-73.90171, 40.861924], [-73.901034, 40.862803], [-73.897174, 40.86776], [-73.895412, 40.870029], [-73.895138, 40.870308], [-73.894819, 40.870538], [-73.892543, 40.871644], [-73.892168, 40.871849], [-73.891833, 40.872057], [-73.890064, 40.873412], [-73.889335, 40.874005], [-73.889066, 40.874273], [-73.888847, 40.874581], [-73.887857, 40.876764], [-73.887659, 40.87708], [-73.887409, 40.877365], [-73.884655, 40.87975], [-73.881692, 40.88231], [-73.881389, 40.882599], [-73.881118, 40.882887], [-73.880879, 40.883175], [-73.878751, 40.886037]]}}, {"type": "Feature", "properties": {"route": "5", "color": "#00933C"}, "geometry": {"type": "LineString", "coordinates": [[-73.884079, 40.666235], [-73.889395, 40.665449], [-73.894895, 40.664635], [-73.902447, 40.663515], [-73.908946, 40.662549], [-73.916327, 40.661453], [-73.917633, 40.661257], [-73.918245, 40.661198], [-73.918789, 40.661345], [-73.919094, 40.661573], [-73.92261, 40.664717], [-73.924177, 40.666124], [-73.92441, 40.666422], [-73.924808, 40.667332], [-73.924974, 40.667649], [-73.925356, 40.668087], [-73.925625, 40.668327], [-73.926171, 40.668508], [-73.926593, 40.668554], [-73.932942, 40.668897], [-73.942161, 40.669399], [-73.950466, 40.669847], [-73.951706, 40.669922], [-73.954713, 40.670083], [-73.955258, 40.670118], [-73.955823, 40.670208], [-73.958131, 40.670682], [-73.964375, 40.671987], [-73.968465, 40.672915], [-73.968947, 40.673056], [-73.969397, 40.673299], [-73.969694, 40.673552], [-73.971046, 40.675235], [-73.975098, 40.680829], [-73.977666, 40.684359], [-73.978708, 40.685781], [-73.980492, 40.688246], [-73.980697, 40.688533], [-73.980941, 40.688808], [-73.98128, 40.689027], [-73.985065, 40.690545], [-73.989185, 40.692195], [-73.989623, 40.692314], [-73.990067, 40.692392], [-73.99508, 40.693147], [-73.998992, 40.693837], [-74.00052, 40.694217], [-74.001108, 40.694369], [-74.001884, 40.69456], [-74.002639, 40.694739], [-74.003274, 40.694909], [-74.003986, 40.695132], [-74.004589, 40.695366], [-74.005177, 40.695589], [-74.005764, 40.695813], [-74.006198, 40.696065], [-74.012544, 40.700938], [-74.013973, 40.702003], [-74.014341, 40.702361], [-74.014569, 40.702752], [-74.01466, 40.703176], [-74.014612, 40.703634], [-74.014503, 40.703957], [-74.014065, 40.704817], [-74.013854, 40.705168], [-74.011862, 40.707557], [-74.009509, 40.710368], [-74.00877, 40.711218], [-74.008441, 40.711419], [-74.00529, 40.712214], [-74.004886, 40.712363], [-74.004131, 40.713065], [-74.003437, 40.71385], [-74.003242, 40.714149], [-74.003166, 40.714504], [-74.003063, 40.715371], [-74.002963, 40.715687], [-74.000193, 40.718803], [-73.999049, 40.720055], [-73.997276, 40.722125], [-73.997081, 40.722407], [-73.996736, 40.723289], [-73.99656, 40.723584], [-73.994659, 40.725915], [-73.993622, 40.727308], [-73.99174, 40.729514], [-73.991466, 40.729785], [-73.991125, 40.730023], [-73.990827, 40.730246], [-73.990603, 40.730548], [-73.990468, 40.730923], [-73.989863, 40.733476], [-73.989838, 40.733829], [-73.989857, 40.734145], [-73.989911, 40.73449], [-73.989967, 40.734832], [-73.989933, 40.735181], [-73.986599, 40.739864], [-73.984264, 40.74307], [-73.982076, 40.746081], [-73.978287, 40.751266], [-73.977964, 40.751509], [-73.976848, 40.751776], [-73.976038, 40.751967], [-73.975634, 40.752119], [-73.97192, 40.757107], [-73.967967, 40.762526], [-73.96387, 40.768141], [-73.959874, 40.77362], [-73.955589, 40.779492], [-73.95107, 40.785672], [-73.947478, 40.7906], [-73.94425, 40.79502], [-73.941617, 40.798629], [-73.937594, 40.804138], [-73.934685, 40.808118], [-73.934455, 40.808403], [-73.930931, 40.812093], [-73.929849, 40.813224], [-73.929281, 40.813881], [-73.92908, 40.814189], [-73.928927, 40.814511], [-73.928138, 40.816617], [-73.928008, 40.816962], [-73.927859, 40.817304], [-73.927756, 40.817615], [-73.92801, 40.817879], [-73.92832, 40.818106], [-73.928415, 40.818444], [-73.928136, 40.818702], [-73.926718, 40.81841], [-73.917757, 40.816109], [-73.916675, 40.815782], [-73.915934, 40.815684], [-73.915469, 40.81574], [-73.914951, 40.815913], [-73.914448, 40.816109], [-73.91403, 40.816201], [-73.913574, 40.816201], [-73.912669, 40.816113], [-73.911842, 40.816033], [-73.911136, 40.815974], [-73.910364, 40.815931], [-73.909808, 40.815926], [-73.909111, 40.815963], [-73.908682, 40.816055], [-73.907807, 40.81649], [-73.905946, 40.817578], [-73.905518, 40.817813], [-73.905114, 40.818004], [-73.90421, 40.8184], [-73.903268, 40.818818], [-73.902687, 40.819113], [-73.90177, 40.819585], [-73.896736, 40.822181], [-73.893064, 40.824073], [-73.892368, 40.824431], [-73.892021, 40.824739], [-73.891922, 40.825069], [-73.891924, 40.825522], [-73.891875, 40.829842], [-73.89183, 40.830227], [-73.891704, 40.830667], [-73.891469, 40.831153], [-73.888195, 40.836619], [-73.887939, 40.837034], [-73.88765, 40.837371], [-73.887183, 40.837713], [-73.88512, 40.838935], [-73.884651, 40.839165], [-73.884172, 40.839342], [-73.883573, 40.839484], [-73.88303, 40.839546], [-73.882597, 40.839567], [-73.881967, 40.839613], [-73.881408, 40.839719], [-73.88085, 40.839913], [-73.880284, 40.840155], [-73.879899, 40.840415], [-73.879283, 40.841051], [-73.878829, 40.841273], [-73.878219, 40.84113], [-73.877782, 40.840945], [-73.87733, 40.840817], [-73.876841, 40.840784], [-73.876313, 40.840847], [-73.874736, 40.841121], [-73.874329, 40.841252], [-73.873488, 40.841894], [-73.87179, 40.84325], [-73.871389, 40.843567], [-73.871028, 40.84391], [-73.870717, 40.844293], [-73.870472, 40.844767], [-73.870143, 40.845525], [-73.869952, 40.845968], [-73.869717, 40.846327], [-73.869399, 40.846768], [-73.869192, 40.847056], [-73.868975, 40.847381], [-73.868713, 40.847683], [-73.868344, 40.84801], [-73.860495, 40.854364], [-73.857103, 40.857109], [-73.856824, 40.857355], [-73.856545, 40.857624], [-73.856268, 40.857915], [-73.855359, 40.858985], [-73.846384, 40.869526], [-73.838591, 40.878663], [-73.836547, 40.88107], [-73.834236, 40.883768], [-73.832712, 40.885577], [-73.832289, 40.88611], [-73.83155, 40.887136], [-73.831315, 40.887513], [-73.830834, 40.8883]]}}, {"type": "Feature", "properties": {"route": "6", "color": "#00933C"}, "geometry": {"type": "LineString", "coordinates": [[-73.828121, 40.852462], [-73.829153, 40.851991], [-73.829528, 40.851752], [-73.829799, 40.851434], [-73.829942, 40.851124], [-73.830318, 40.849755], [-73.830426, 40.849448], [-73.830566, 40.849133], [-73.830739, 40.84881], [-73.8311, 40.848205], [-73.831293, 40.847914], [-73.831528, 40.847648], [-73.832569, 40.84681], [-73.836322, 40.843863], [-73.836986, 40.84334], [-73.837305, 40.843119], [-73.841721, 40.840821], [-73.842051, 40.840622], [-73.842952, 40.839892], [-73.847036, 40.836488], [-73.849042, 40.834818], [-73.849355, 40.834603], [-73.849763, 40.834435], [-73.851222, 40.834255], [-73.860816, 40.833226], [-73.86189, 40.83311], [-73.862313, 40.833037], [-73.867618, 40.831509], [-73.874516, 40.829521], [-73.876695, 40.828894], [-73.877118, 40.828792], [-73.877555, 40.828719], [-73.879159, 40.828584], [-73.881516, 40.828392], [-73.881939, 40.828361], [-73.884763, 40.828212], [-73.885195, 40.828151], [-73.885653, 40.827972], [-73.885975, 40.827682], [-73.88616, 40.827281], [-73.886283, 40.826525], [-73.886598, 40.824533], [-73.886651, 40.824206], [-73.886737, 40.823837], [-73.886853, 40.823529], [-73.887035, 40.82317], [-73.887229, 40.822886], [-73.887477, 40.82262], [-73.887776, 40.822368], [-73.889008, 40.821561], [-73.889334, 40.821362], [-73.889724, 40.821186], [-73.890549, 40.820948], [-73.891398, 40.820722], [-73.891764, 40.820568], [-73.896435, 40.816104], [-73.898882, 40.813738], [-73.899208, 40.813539], [-73.903781, 40.81224], [-73.904171, 40.812078], [-73.904533, 40.811855], [-73.90691, 40.810301], [-73.907163, 40.810034], [-73.907327, 40.809654], [-73.907657, 40.808719], [-73.908222, 40.807076], [-73.908366, 40.806773], [-73.908651, 40.806483], [-73.912116, 40.804879], [-73.912528, 40.804802], [-73.912932, 40.804902], [-73.914042, 40.805368], [-73.91924, 40.807566], [-73.926138, 40.810476], [-73.926526, 40.810637], [-73.9269, 40.810817], [-73.928587, 40.812079], [-73.929045, 40.812339], [-73.929507, 40.812471], [-73.929972, 40.812475], [-73.930441, 40.812353], [-73.930931, 40.812093], [-73.934344, 40.808526], [-73.934592, 40.808239], [-73.93757, 40.804172], [-73.941617, 40.798629], [-73.94425, 40.79502], [-73.947478, 40.7906], [-73.95107, 40.785672], [-73.955589, 40.779492], [-73.959874, 40.77362], [-73.96387, 40.768141], [-73.967967, 40.762526], [-73.97192, 40.757107], [-73.9754, 40.752336], [-73.975676, 40.752095], [-73.976848, 40.751776], [-73.977756, 40.751575], [-73.978141, 40.751406], [-73.982076, 40.746081], [-73.984264, 40.74307], [-73.986599, 40.739864], [-73.989845, 40.735409], [-73.989953, 40.735084], [-73.989958, 40.734726], [-73.989894, 40.734401], [-73.989849, 40.734063], [-73.989842, 40.733682], [-73.990453, 40.731008], [-73.990538, 40.73069], [-73.990727, 40.730358], [-73.991003, 40.730098], [-73.991328, 40.729891], [-73.991631, 40.729634], [-73.993622, 40.727308], [-73.994659, 40.725915], [-73.996498, 40.723654], [-73.996702, 40.723365], [-73.997029, 40.722521], [-73.997191, 40.722225], [-73.999049, 40.720055], [-74.000193, 40.718803], [-74.002859, 40.715827], [-74.003031, 40.715535], [-74.003165, 40.714559], [-74.003209, 40.714244], [-74.003369, 40.71393], [-74.004131, 40.713065]]}}, {"type": "Feature", "properties": {"route": "7", "color": "#B933AD"}, "geometry": {"type": "LineString", "coordinates": [[-74.00191, 40.755882], [-74.000106, 40.758348], [-73.999748, 40.758787], [-73.99935, 40.759123], [-73.998912, 40.759358], [-73.998432, 40.759492], [-73.997913, 40.759524], [-73.997352, 40.759454], [-73.996751, 40.759284], [-73.987691, 40.755477], [-73.984755, 40.754242], [-73.984301, 40.754163], [-73.983846, 40.754234], [-73.983426, 40.754274], [-73.982998, 40.754198], [-73.982609, 40.75407], [-73.982187, 40.753911], [-73.981151, 40.753483], [-73.980686, 40.753333], [-73.978719, 40.752511], [-73.976041, 40.751431], [-73.957031, 40.74343], [-73.956645, 40.743284], [-73.95624, 40.743161], [-73.955815, 40.743061], [-73.953581, 40.742626], [-73.950324, 40.741988], [-73.949906, 40.741985], [-73.948916, 40.742216], [-73.947842, 40.74247], [-73.947293, 40.742634], [-73.946706, 40.742839], [-73.946315, 40.742996], [-73.945192, 40.743453], [-73.944855, 40.743659], [-73.944663, 40.743973], [-73.944722, 40.744349], [-73.945549, 40.745566], [-73.945624, 40.745895], [-73.945264, 40.747023], [-73.944909, 40.74811], [-73.944768, 40.748418], [-73.942624, 40.750926], [-73.942293, 40.75115], [-73.941881, 40.751206], [-73.941392, 40.751095], [-73.940202, 40.750582], [-73.939174, 40.750134], [-73.938753, 40.749906], [-73.93837, 40.749678], [-73.938026, 40.74945], [-73.93772, 40.74922], [-73.933556, 40.74522], [-73.933235, 40.745001], [-73.932856, 40.744845], [-73.932417, 40.744753], [-73.930997, 40.744587], [-73.924016, 40.743781], [-73.918435, 40.743132], [-73.917065, 40.742977], [-73.9166, 40.742974], [-73.916162, 40.743045], [-73.912549, 40.744149], [-73.910819, 40.744671], [-73.910418, 40.744775], [-73.909993, 40.744867], [-73.907327, 40.745321], [-73.90691, 40.745365], [-73.905696, 40.745386], [-73.905256, 40.745402], [-73.902984, 40.74563], [-73.896403, 40.746325], [-73.891394, 40.746848], [-73.883697, 40.747659], [-73.876613, 40.748408], [-73.869527, 40.749145], [-73.8627, 40.749865], [-73.861615, 40.749981], [-73.861162, 40.750045], [-73.860758, 40.750126], [-73.855334, 40.75173], [-73.845625, 40.754622], [-73.841916, 40.755728], [-73.841536, 40.755857], [-73.841148, 40.756011], [-73.837147, 40.757619], [-73.836753, 40.757747], [-73.834494, 40.758152], [-73.834057, 40.758245], [-73.833624, 40.758369], [-73.830623, 40.759409], [-73.830215, 40.759543], [-73.83003, 40.7596]]}}, {"type": "Feature", "properties": {"route": "A", "color": "#0039A6"}, "geometry": {"type": "LineString", "coordinates": [[-73.755405, 40.603995], [-73.755898, 40.603729], [-73.756254, 40.603534], [-73.756619, 40.603327], [-73.756954, 40.603137], [-73.758375, 40.602381], [-73.75883, 40.602124], [-73.75926, 40.601859], [-73.759665, 40.601587], [-73.760046, 40.601306], [-73.760401, 40.601017], [-73.760732, 40.600721], [-73.761038, 40.600416], [-73.761353, 40.600066], [-73.762051, 40.599257], [-73.762319, 40.598994], [-73.76263, 40.598747], [-73.762987, 40.598518], [-73.768175, 40.595398], [-73.770405, 40.594053], [-73.770821, 40.593826], [-73.771268, 40.593634], [-73.771746, 40.593477], [-73.772256, 40.593355], [-73.772796, 40.593269], [-73.776013, 40.592943], [-73.783159, 40.592222], [-73.783668, 40.592179], [-73.78417, 40.592155], [-73.784666, 40.592148], [-73.785156, 40.592158], [-73.785638, 40.592187], [-73.787287, 40.59232], [-73.787756, 40.59235], [-73.788173, 40.592367], [-73.788732, 40.592373], [-73.789318, 40.59236], [-73.789836, 40.592332], [-73.790287, 40.592289], [-73.790784, 40.592209], [-73.794251, 40.591336], [-73.794716, 40.591236], [-73.795199, 40.591149], [-73.796924, 40.590927], [-73.802733, 40.590214], [-73.803252, 40.590179], [-73.803667, 40.590189], [-73.804103, 40.59023], [-73.804562, 40.590302], [-73.806332, 40.590713], [-73.806945, 40.590876], [-73.807494, 40.591089], [-73.807982, 40.59135], [-73.808409, 40.59166], [-73.808775, 40.592018], [-73.809079, 40.592425], [-73.809322, 40.592881], [-73.815653, 40.607677], [-73.815778, 40.607982], [-73.815896, 40.6083], [-73.81601, 40.608632], [-73.816119, 40.608977], [-73.82842, 40.656136], [-73.828531, 40.656508], [-73.828652, 40.65687], [-73.82878, 40.657222], [-73.828917, 40.657564], [-73.829062, 40.657898], [-73.830301, 40.660476], [-73.834058, 40.668234], [-73.835919, 40.672097], [-73.838715, 40.677879], [-73.838867, 40.678199], [-73.839033, 40.678517], [-73.840071, 40.680272], [-73.840373, 40.680605], [-73.840769, 40.680806], [-73.841258, 40.680876], [-73.841687, 40.680843], [-73.843853, 40.680429], [-73.844289, 40.680345], [-73.844765, 40.680275], [-73.845197, 40.680234], [-73.85147, 40.679843], [-73.858992, 40.679371], [-73.860342, 40.679287], [-73.860764, 40.67923], [-73.861871, 40.678935], [-73.862315, 40.678779], [-73.862725, 40.678583], [-73.86505, 40.677044], [-73.865742, 40.676558], [-73.866076, 40.676363], [-73.866505, 40.676199], [-73.872106, 40.675377], [-73.88075, 40.67413], [-73.890358, 40.67271], [-73.89383, 40.672196], [-73.89434, 40.67214], [-73.89479, 40.672154], [-73.89536, 40.672302], [-73.895805, 40.672605], [-73.896032, 40.672891], [-73.896202, 40.673247], [-73.896548, 40.674542], [-73.897088, 40.676653], [-73.897255, 40.677001], [-73.897492, 40.677299], [-73.897799, 40.677549], [-73.898176, 40.677752], [-73.898621, 40.677908], [-73.899135, 40.678017], [-73.899719, 40.678079], [-73.900444, 40.678112], [-73.900879, 40.678142], [-73.902619, 40.678361], [-73.903065, 40.678388], [-73.905316, 40.678334], [-73.907997, 40.678227], [-73.908539, 40.678211], [-73.909066, 40.678207], [-73.909575, 40.678216], [-73.911946, 40.67834], [-73.920786, 40.678822], [-73.930729, 40.679364], [-73.940858, 40.679921], [-73.950426, 40.680438], [-73.952338, 40.680543], [-73.952821, 40.68058], [-73.953232, 40.680634], [-73.953667, 40.68071], [-73.956848, 40.68138], [-73.965838, 40.683263], [-73.96743, 40.683595], [-73.967837, 40.683694], [-73.968242, 40.68383], [-73.973946, 40.686113], [-73.975438, 40.68672], [-73.975894, 40.686866], [-73.976356, 40.68695], [-73.976828, 40.686971], [-73.978621, 40.686762], [-73.979124, 40.686721], [-73.979594, 40.686726], [-73.98003, 40.686779], [-73.980738, 40.686969], [-73.981149, 40.687086], [-73.981883, 40.68735], [-73.982299, 40.687505], [-73.982718, 40.687653], [-73.983155, 40.687795], [-73.983603, 40.687948], [-73.98405, 40.688112], [-73.985001, 40.688484], [-73.987376, 40.689409], [-73.987747, 40.689684], [-73.98792, 40.690011], [-73.987892, 40.690387], [-73.987738, 40.690701], [-73.987556, 40.690993], [-73.987423, 40.691336], [-73.987379, 40.691695], [-73.987343, 40.692332], [-73.987277, 40.693682], [-73.987248, 40.694024], [-73.987206, 40.694364], [-73.987175, 40.694687], [-73.987036, 40.697395], [-73.98709, 40.697848], [-73.987221, 40.69824], [-73.987429, 40.69857], [-73.987713, 40.69884], [-73.988074, 40.699047], [-73.988511, 40.699194], [-73.989025, 40.699279], [-73.990531, 40.699337], [-73.991305, 40.699368], [-73.991768, 40.699402], [-73.992209, 40.699461], [-73.99263, 40.699546], [-73.996206, 40.700539], [-73.996623, 40.700676], [-73.99703, 40.700823], [-73.997422, 40.700978], [-73.9978, 40.701141], [-73.998162, 40.701312], [-73.998509, 40.701491], [-73.999159, 40.701875], [-73.999749, 40.702291], [-74.000279, 40.70274], [-74.000749, 40.703221], [-74.004845, 40.708461], [-74.005122, 40.708771], [-74.005475, 40.709048], [-74.005811, 40.709244], [-74.007691, 40.710197], [-74.009737, 40.711226], [-74.010062, 40.711498], [-74.010187, 40.711801], [-74.010113, 40.712134], [-74.008585, 40.714111], [-74.005494, 40.718039], [-74.005297, 40.718379], [-74.005189, 40.718732], [-74.005166, 40.719096], [-74.00523, 40.720785], [-74.005294, 40.721758], [-74.005302, 40.722078], [-74.005255, 40.722436], [-74.003739, 40.726227], [-74.00272, 40.728583], [-74.002575, 40.728922], [-74.002424, 40.729225], [-74.001552, 40.73082], [-74.001367, 40.731134], [-74.000515, 40.732312], [-73.999777, 40.733324], [-73.999636, 40.733666], [-73.999642, 40.734021], [-73.999792, 40.734389], [-74.002433, 40.738807], [-74.002567, 40.739121], [-74.002578, 40.739512], [-74.002463, 40.739821], [-74.00169, 40.740893], [-73.998041, 40.745906], [-73.993391, 40.752287], [-73.989735, 40.757308], [-73.985984, 40.762456], [-73.985322, 40.763365], [-73.984138, 40.764986], [-73.981736, 40.768296], [-73.97641, 40.775594], [-73.972143, 40.781433], [-73.968916, 40.785868], [-73.964696, 40.791642], [-73.961454, 40.796092], [-73.958161, 40.800603], [-73.954882, 40.805085], [-73.953288, 40.807267], [-73.953075, 40.807583], [-73.952961, 40.807908], [-73.952941, 40.808245], [-73.95303, 40.809638], [-73.953017, 40.809981], [-73.952898, 40.810332], [-73.952343, 40.811109], [-73.952117, 40.81139], [-73.951865, 40.811661], [-73.951586, 40.811923], [-73.950604, 40.812906], [-73.950331, 40.813181], [-73.950112, 40.813459], [-73.949202, 40.814704], [-73.949, 40.815009], [-73.947649, 40.817894], [-73.944947, 40.823696], [-73.944767, 40.824018], [-73.944216, 40.824783], [-73.943403, 40.825903], [-73.943229, 40.826202], [-73.941514, 40.830518], [-73.940709, 40.832909], [-73.9406, 40.833233], [-73.939915, 40.834797], [-73.939823, 40.835104], [-73.939811, 40.835433], [-73.939892, 40.836013], [-73.940033, 40.83692], [-73.940057, 40.837254], [-73.939881, 40.839251], [-73.939843, 40.839593], [-73.939778, 40.839923], [-73.939561, 40.840719], [-73.93939, 40.841395], [-73.939317, 40.841744], [-73.939271, 40.842113], [-73.939202, 40.842713], [-73.939152, 40.843061], [-73.939086, 40.843384], [-73.938886, 40.844266], [-73.938937, 40.844623], [-73.939125, 40.844957], [-73.939448, 40.845268], [-73.939776, 40.845523], [-73.940017, 40.84584], [-73.940101, 40.846208], [-73.940053, 40.846536], [-73.939704, 40.847391], [-73.937969, 40.851695], [-73.936887, 40.855112], [-73.93676, 40.855444], [-73.936599, 40.85575], [-73.93418, 40.859022], [-73.930852, 40.863314], [-73.930605, 40.86358], [-73.930299, 40.863828], [-73.928643, 40.864789], [-73.928091, 40.865077], [-73.927742, 40.865261], [-73.92737, 40.865445], [-73.926951, 40.865625], [-73.926547, 40.865782], [-73.92138, 40.867635], [-73.920965, 40.867777], [-73.919899, 40.868072]]}}, {"type": "Feature", "properties": {"route": "B", "color": "#FF6319"}, "geometry": {"type": "LineString", "coordinates": [[-73.961376, 40.577621], [-73.960354, 40.577839], [-73.959967, 40.577969], [-73.959643, 40.578223], [-73.95467, 40.585198], [-73.954477, 40.585536], [-73.954328, 40.585876], [-73.954225, 40.586216], [-73.954167, 40.586556], [-73.954155, 40.586896], [-73.954145, 40.587211], [-73.954121, 40.587552], [-73.954066, 40.588121], [-73.954052, 40.58845], [-73.954057, 40.588767], [-73.954087, 40.589147], [-73.954319, 40.590785], [-73.955161, 40.595246], [-73.955929, 40.5993], [-73.957502, 40.607591], [-73.957582, 40.607904], [-73.957734, 40.60867], [-73.957887, 40.609478], [-73.957939, 40.609875], [-73.959399, 40.617618], [-73.960803, 40.625039], [-73.961408, 40.628229], [-73.961483, 40.628599], [-73.961563, 40.628955], [-73.961639, 40.62927], [-73.961834, 40.630055], [-73.961911, 40.63039], [-73.961973, 40.630739], [-73.962793, 40.635082], [-73.963891, 40.640927], [-73.964492, 40.644031], [-73.964544, 40.644407], [-73.964564, 40.644777], [-73.96455, 40.645144], [-73.964502, 40.645506], [-73.964421, 40.645866], [-73.962982, 40.650527], [-73.962839, 40.651007], [-73.962696, 40.651478], [-73.962556, 40.651938], [-73.962416, 40.652389], [-73.962278, 40.652829], [-73.962142, 40.65326], [-73.962006, 40.653681], [-73.961495, 40.655292], [-73.961425, 40.65563], [-73.961382, 40.655959], [-73.961365, 40.656281], [-73.961383, 40.656696], [-73.961937, 40.660141], [-73.962004, 40.660452], [-73.962107, 40.660825], [-73.962246, 40.661614], [-73.962392, 40.662551], [-73.962475, 40.662913], [-73.962601, 40.663269], [-73.962771, 40.663619], [-73.972367, 40.67705], [-73.976398, 40.682608], [-73.976566, 40.682932], [-73.976675, 40.683264], [-73.97689, 40.68446], [-73.977416, 40.687181], [-73.977587, 40.687508], [-73.977928, 40.687703], [-73.978805, 40.688068], [-73.980474, 40.68873], [-73.980853, 40.688943], [-73.981117, 40.689232], [-73.981824, 40.690635], [-73.982304, 40.691559], [-73.983428, 40.693829], [-73.983934, 40.695138], [-73.985242, 40.697839], [-73.994713, 40.714897], [-73.994877, 40.715281], [-73.994923, 40.715678], [-73.994849, 40.716087], [-73.994714, 40.716401], [-73.993753, 40.718267], [-73.992025, 40.721655], [-73.991891, 40.721969], [-73.991709, 40.722918], [-73.991691, 40.723253], [-73.991812, 40.723635], [-73.992098, 40.723946], [-73.99255, 40.724185], [-73.996204, 40.725297], [-73.996641, 40.725437], [-73.997069, 40.725591], [-73.997471, 40.725751], [-73.997848, 40.725918], [-74.001901, 40.727913], [-74.002301, 40.72817], [-74.002506, 40.728505], [-74.002515, 40.728918], [-74.002395, 40.729279], [-74.001552, 40.73082], [-74.001367, 40.731134], [-74.000515, 40.732312], [-73.999777, 40.733324], [-73.996209, 40.738228], [-73.992821, 40.742878], [-73.987823, 40.749719], [-73.984569, 40.754222], [-73.981329, 40.758663], [-73.979701, 40.760893], [-73.979536, 40.761228], [-73.979524, 40.761626], [-73.979749, 40.761969], [-73.980073, 40.762191], [-73.981637, 40.762862], [-73.983698, 40.763731], [-73.984077, 40.764003], [-73.984266, 40.764321], [-73.984265, 40.764684], [-73.984138, 40.764986], [-73.981736, 40.768296], [-73.97641, 40.775594], [-73.972143, 40.781433], [-73.968916, 40.785868], [-73.964696, 40.791642], [-73.961454, 40.796092], [-73.958161, 40.800603], [-73.954882, 40.805085], [-73.953288, 40.807267], [-73.953075, 40.807583], [-73.952961, 40.807908], [-73.952941, 40.808245], [-73.95303, 40.809638], [-73.953017, 40.809981], [-73.952898, 40.810332], [-73.952343, 40.811109], [-73.952117, 40.81139], [-73.951865, 40.811661], [-73.951586, 40.811923], [-73.950604, 40.812906], [-73.950331, 40.813181], [-73.950112, 40.813459], [-73.949202, 40.814704], [-73.949, 40.815009], [-73.947649, 40.817894], [-73.944947, 40.823696], [-73.944767, 40.824018], [-73.944216, 40.824783], [-73.943403, 40.825903], [-73.942486, 40.827054], [-73.941032, 40.829263], [-73.940772, 40.829533], [-73.940455, 40.829753], [-73.940079, 40.829922], [-73.939646, 40.830041], [-73.939156, 40.830108], [-73.938713, 40.830127], [-73.938273, 40.830135], [-73.936658, 40.830093], [-73.931071, 40.829985], [-73.930586, 40.829945], [-73.930142, 40.829878], [-73.929738, 40.829785], [-73.929263, 40.829618], [-73.927482, 40.828599], [-73.927021, 40.82839], [-73.92654, 40.828199], [-73.92604, 40.828025], [-73.925651, 40.827905], [-73.924598, 40.827601], [-73.924013, 40.827429], [-73.923486, 40.827348], [-73.923016, 40.827358], [-73.922603, 40.827459], [-73.922248, 40.82765], [-73.921951, 40.827931], [-73.921711, 40.828304], [-73.920523, 40.830814], [-73.920275, 40.83127], [-73.920018, 40.831707], [-73.919751, 40.832124], [-73.919475, 40.832523], [-73.91919, 40.832902], [-73.918895, 40.833263], [-73.918591, 40.833604], [-73.914603, 40.837691], [-73.91431, 40.838023], [-73.914043, 40.838351], [-73.913802, 40.838674], [-73.913588, 40.838992], [-73.9134, 40.839306], [-73.913216, 40.839644], [-73.91307, 40.839949], [-73.912924, 40.840288], [-73.91164, 40.844055], [-73.91143, 40.844482], [-73.911176, 40.84488], [-73.910875, 40.845249], [-73.910529, 40.845588], [-73.910136, 40.8459], [-73.908755, 40.846868], [-73.908324, 40.847187], [-73.907926, 40.847497], [-73.90756, 40.847799], [-73.907227, 40.848093], [-73.906925, 40.848378], [-73.906656, 40.848656], [-73.906419, 40.848925], [-73.905227, 40.85041], [-73.901532, 40.854996], [-73.90131, 40.855273], [-73.901096, 40.855562], [-73.90089, 40.855862], [-73.899078, 40.858881], [-73.89888, 40.859213], [-73.898695, 40.859544], [-73.898523, 40.859873], [-73.897749, 40.861296], [-73.897337, 40.862073], [-73.897157, 40.862377], [-73.89697, 40.86266], [-73.89673, 40.862986], [-73.894164, 40.866103], [-73.893509, 40.866978], [-73.891998, 40.868949], [-73.891671, 40.869312], [-73.891336, 40.869639], [-73.890995, 40.869931], [-73.890649, 40.870188], [-73.890297, 40.870411], [-73.889495, 40.870901], [-73.889113, 40.871118], [-73.888773, 40.871352], [-73.888476, 40.871603], [-73.887138, 40.873244]]}}, {"type": "Feature", "properties": {"route": "C", "color": "#0039A6"}, "geometry": {"type": "LineString", "coordinates": [[-73.939561, 40.840719], [-73.939735, 40.840083], [-73.939814, 40.83976], [-73.939865, 40.839423], [-73.940047, 40.837421], [-73.940052, 40.837087], [-73.939892, 40.836013], [-73.939817, 40.835482], [-73.939817, 40.83515], [-73.939896, 40.83484], [-73.940532, 40.833405], [-73.940648, 40.8331], [-73.941514, 40.830518], [-73.943113, 40.826486], [-73.943249, 40.826164], [-73.944148, 40.824882], [-73.944591, 40.824264], [-73.944791, 40.82398], [-73.947649, 40.817894], [-73.948857, 40.815297], [-73.949023, 40.814969], [-73.950112, 40.813459], [-73.950331, 40.813181], [-73.950604, 40.812906], [-73.951586, 40.811923], [-73.951865, 40.811661], [-73.952117, 40.81139], [-73.952343, 40.811109], [-73.952842, 40.810422], [-73.952995, 40.810087], [-73.953034, 40.809757], [-73.952941, 40.808245], [-73.952961, 40.807908], [-73.953075, 40.807583], [-73.953288, 40.807267], [-73.954882, 40.805085], [-73.958161, 40.800603], [-73.961454, 40.796092], [-73.964696, 40.791642], [-73.968916, 40.785868], [-73.972143, 40.781433], [-73.97641, 40.775594], [-73.981736, 40.768296], [-73.984138, 40.764986], [-73.985322, 40.763365], [-73.985984, 40.762456], [-73.989735, 40.757308], [-73.993391, 40.752287], [-73.998041, 40.745906], [-74.00169, 40.740893], [-74.002363, 40.739974], [-74.002535, 40.739666], [-74.002592, 40.739278], [-74.002514, 40.738964], [-73.999792, 40.734389], [-73.999642, 40.734021], [-73.999636, 40.733666], [-73.999777, 40.733324], [-74.000477, 40.732362], [-74.001312, 40.731216], [-74.001497, 40.730922], [-74.002395, 40.729279], [-74.002552, 40.72897], [-74.002689, 40.728661], [-74.003739, 40.726227], [-74.005189, 40.722659], [-74.005278, 40.72232], [-74.005304, 40.721953], [-74.005229, 40.720824], [-74.005166, 40.719096], [-74.005189, 40.718732], [-74.005297, 40.718379], [-74.005494, 40.718039], [-74.008585, 40.714111], [-74.009926, 40.712405], [-74.01015, 40.712048], [-74.010174, 40.711722], [-74.009999, 40.711427], [-74.007691, 40.710197], [-74.0059, 40.709287], [-74.005554, 40.709099], [-74.005187, 40.70883], [-74.004894, 40.708525], [-74.000966, 40.703473], [-74.000522, 40.702976], [-74.000021, 40.702511], [-73.999461, 40.702079], [-73.998841, 40.701679], [-73.998162, 40.701312], [-73.9978, 40.701141], [-73.997422, 40.700978], [-73.99703, 40.700823], [-73.996623, 40.700676], [-73.996206, 40.700539], [-73.992931, 40.699629], [-73.992527, 40.699523], [-73.992101, 40.699444], [-73.991654, 40.699391], [-73.990531, 40.699337], [-73.989309, 40.6993], [-73.988758, 40.699244], [-73.988283, 40.699128], [-73.987884, 40.698951], [-73.987562, 40.698713], [-73.987316, 40.698413], [-73.987146, 40.698052], [-73.987053, 40.697629], [-73.98717, 40.694832], [-73.987191, 40.694487], [-73.987231, 40.694167], [-73.987265, 40.69385], [-73.987343, 40.692346], [-73.987379, 40.691695], [-73.987423, 40.691336], [-73.987556, 40.690993], [-73.987738, 40.690701], [-73.987892, 40.690387], [-73.98792, 40.690011], [-73.987747, 40.689684], [-73.987376, 40.689409], [-73.985001, 40.688484], [-73.98405, 40.688112], [-73.983603, 40.687948], [-73.983155, 40.687795], [-73.982718, 40.687653], [-73.982299, 40.687505], [-73.981883, 40.68735], [-73.981306, 40.687144], [-73.980921, 40.687014], [-73.980336, 40.686851], [-73.979924, 40.686762], [-73.97948, 40.68672], [-73.979002, 40.686726], [-73.976828, 40.686971], [-73.976356, 40.68695], [-73.975894, 40.686866], [-73.975438, 40.68672], [-73.973946, 40.686113], [-73.968445, 40.683911], [-73.968039, 40.683758], [-73.967634, 40.68364], [-73.965838, 40.683263], [-73.956848, 40.68138], [-73.953893, 40.680757], [-73.953447, 40.680669], [-73.953023, 40.680604], [-73.952527, 40.680554], [-73.950426, 40.680438], [-73.940858, 40.679921], [-73.930729, 40.679364], [-73.920786, 40.678822], [-73.911946, 40.67834], [-73.909946, 40.678231], [-73.909449, 40.678213], [-73.908936, 40.678207], [-73.908405, 40.678213], [-73.905316, 40.678334], [-73.903367, 40.67839], [-73.902915, 40.678382], [-73.901152, 40.678174], [-73.900738, 40.67813], [-73.900033, 40.678093], [-73.899419, 40.678054], [-73.89887, 40.677969], [-73.89839, 40.677836], [-73.897979, 40.677657], [-73.897637, 40.67743], [-73.897365, 40.677156], [-73.897162, 40.676834], [-73.896548, 40.674542], [-73.896264, 40.673448], [-73.896124, 40.673061], [-73.895925, 40.672739], [-73.895671, 40.672487], [-73.895184, 40.672236], [-73.894572, 40.672138], [-73.894094, 40.672159], [-73.890358, 40.67271], [-73.88075, 40.67413], [-73.872106, 40.675377]]}}, {"type": "Feature", "properties": {"route": "D", "color": "#FF6319"}, "geometry": {"type": "LineString", "coordinates": [[-73.981233, 40.577422], [-73.981401, 40.578309], [-73.981407, 40.578632], [-73.981367, 40.578968], [-73.98146, 40.580445], [-73.981421, 40.580765], [-73.981208, 40.581268], [-73.981102, 40.581586], [-73.981016, 40.581909], [-73.980949, 40.582236], [-73.980814, 40.583361], [-73.980809, 40.583697], [-73.980891, 40.584227], [-73.980982, 40.584538], [-73.981289, 40.585098], [-73.981556, 40.585497], [-73.981767, 40.585776], [-73.98205, 40.586094], [-73.982334, 40.586349], [-73.982945, 40.586717], [-73.983283, 40.586958], [-73.983459, 40.587245], [-73.983765, 40.588841], [-73.985196, 40.596359], [-73.985328, 40.596689], [-73.985618, 40.596965], [-73.986829, 40.597704], [-73.993728, 40.601875], [-73.998168, 40.604556], [-74.00101, 40.606273], [-74.00131, 40.606508], [-74.001549, 40.606839], [-74.001736, 40.607954], [-74.00184, 40.60886], [-74.001826, 40.609184], [-74.00061, 40.613501], [-73.998864, 40.619589], [-73.996895, 40.626472], [-73.995476, 40.631435], [-73.99539, 40.631779], [-73.99532, 40.632141], [-73.994791, 40.63626], [-73.994373, 40.63952], [-73.99434, 40.639847], [-73.99432, 40.640167], [-73.994304, 40.640914], [-73.994266, 40.643022], [-73.994186, 40.643347], [-73.99397, 40.643633], [-73.993035, 40.644487], [-73.992832, 40.644798], [-73.992841, 40.645182], [-73.993058, 40.645485], [-73.994324, 40.646292], [-73.998756, 40.648984], [-73.999251, 40.649221], [-74.005152, 40.652741], [-74.005382, 40.653017], [-74.005328, 40.653363], [-74.003549, 40.655144], [-73.998091, 40.660397], [-73.992872, 40.665414], [-73.992612, 40.665689], [-73.988302, 40.670847], [-73.984193, 40.675775], [-73.983975, 40.67605], [-73.98375, 40.676359], [-73.98311, 40.677316], [-73.97881, 40.683666], [-73.978198, 40.684598], [-73.97804, 40.684897], [-73.97798, 40.685237], [-73.978304, 40.687446], [-73.978436, 40.687773], [-73.978747, 40.688036], [-73.980474, 40.68873], [-73.980853, 40.688943], [-73.981117, 40.689232], [-73.981824, 40.690635], [-73.982304, 40.691559], [-73.983428, 40.693829], [-73.983934, 40.695138], [-73.985242, 40.697839], [-73.994713, 40.714897], [-73.994877, 40.715281], [-73.994923, 40.715678], [-73.994849, 40.716087], [-73.994714, 40.716401], [-73.993753, 40.718267], [-73.992025, 40.721655], [-73.991891, 40.721969], [-73.991709, 40.722918], [-73.991691, 40.723253], [-73.991812, 40.723635], [-73.992098, 40.723946], [-73.99255, 40.724185], [-73.996204, 40.725297], [-73.996641, 40.725437], [-73.997069, 40.725591], [-73.997471, 40.725751], [-73.997848, 40.725918], [-74.001901, 40.727913], [-74.002301, 40.72817], [-74.002506, 40.728505], [-74.002515, 40.728918], [-74.002395, 40.729279], [-74.001552, 40.73082], [-74.001367, 40.731134], [-74.000515, 40.732312], [-73.999777, 40.733324], [-73.996209, 40.738228], [-73.992821, 40.742878], [-73.987823, 40.749719], [-73.984569, 40.754222], [-73.981329, 40.758663], [-73.979701, 40.760893], [-73.979536, 40.761228], [-73.979524, 40.761626], [-73.979749, 40.761969], [-73.980073, 40.762191], [-73.981637, 40.762862], [-73.983698, 40.763731], [-73.984077, 40.764003], [-73.984266, 40.764321], [-73.984265, 40.764684], [-73.984138, 40.764986], [-73.981736, 40.768296], [-73.97641, 40.775594], [-73.972143, 40.781433], [-73.968916, 40.785868], [-73.964696, 40.791642], [-73.961454, 40.796092], [-73.958161, 40.800603], [-73.954882, 40.805085], [-73.953288, 40.807267], [-73.953075, 40.807583], [-73.952961, 40.807908], [-73.952941, 40.808245], [-73.95303, 40.809638], [-73.953017, 40.809981], [-73.952898, 40.810332], [-73.952343, 40.811109], [-73.952117, 40.81139], [-73.951865, 40.811661], [-73.951586, 40.811923], [-73.950604, 40.812906], [-73.950331, 40.813181], [-73.950112, 40.813459], [-73.949202, 40.814704], [-73.949, 40.815009], [-73.947649, 40.817894], [-73.944947, 40.823696], [-73.944767, 40.824018], [-73.944216, 40.824783], [-73.943403, 40.825903], [-73.942486, 40.827054], [-73.941032, 40.829263], [-73.940772, 40.829533], [-73.940455, 40.829753], [-73.940079, 40.829922], [-73.939646, 40.830041], [-73.939156, 40.830108], [-73.938713, 40.830127], [-73.938273, 40.830135], [-73.936658, 40.830093], [-73.931071, 40.829985], [-73.930586, 40.829945], [-73.930142, 40.829878], [-73.929738, 40.829785], [-73.929263, 40.829618], [-73.927482, 40.828599], [-73.927021, 40.82839], [-73.92654, 40.828199], [-73.92604, 40.828025], [-73.925651, 40.827905], [-73.924598, 40.827601], [-73.924013, 40.827429], [-73.923486, 40.827348], [-73.923016, 40.827358], [-73.922603, 40.827459], [-73.922248, 40.82765], [-73.921951, 40.827931], [-73.921711, 40.828304], [-73.920523, 40.830814], [-73.920275, 40.83127], [-73.920018, 40.831707], [-73.919751, 40.832124], [-73.919475, 40.832523], [-73.91919, 40.832902], [-73.918895, 40.833263], [-73.918591, 40.833604], [-73.914603, 40.837691], [-73.91431, 40.838023], [-73.914043, 40.838351], [-73.913802, 40.838674], [-73.913588, 40.838992], [-73.9134, 40.839306], [-73.913216, 40.839644], [-73.91307, 40.839949], [-73.912924, 40.840288], [-73.91164, 40.844055], [-73.91143, 40.844482], [-73.911176, 40.84488], [-73.910875, 40.845249], [-73.910529, 40.845588], [-73.910136, 40.8459], [-73.908755, 40.846868], [-73.908324, 40.847187], [-73.907926, 40.847497], [-73.90756, 40.847799], [-73.907227, 40.848093], [-73.906925, 40.848378], [-73.906656, 40.848656], [-73.906419, 40.848925], [-73.905227, 40.85041], [-73.901532, 40.854996], [-73.90131, 40.855273], [-73.901096, 40.855562], [-73.90089, 40.855862], [-73.899078, 40.858881], [-73.89888, 40.859213], [-73.898695, 40.859544], [-73.898523, 40.859873], [-73.897749, 40.861296], [-73.897337, 40.862073], [-73.897157, 40.862377], [-73.89697, 40.86266], [-73.89673, 40.862986], [-73.894164, 40.866103], [-73.893509, 40.866978], [-73.891998, 40.868949], [-73.891671, 40.869312], [-73.891336, 40.869639], [-73.890995, 40.869931], [-73.890649, 40.870188], [-73.890297, 40.870411], [-73.889495, 40.870901], [-73.889113, 40.871118], [-73.888773, 40.871352], [-73.888476, 40.871603], [-73.887138, 40.873244], [-73.88693, 40.873529], [-73.88674, 40.873852], [-73.885853, 40.875843], [-73.885623, 40.876254], [-73.885348, 40.876573], [-73.885028, 40.876801], [-73.884463, 40.876972], [-73.88403, 40.876972], [-73.883553, 40.876881], [-73.883029, 40.876699], [-73.878855, 40.874811]]}}, {"type": "Feature", "properties": {"route": "E", "color": "#0039A6"}, "geometry": {"type": "LineString", "coordinates": [[-73.801109, 40.702147], [-73.803388, 40.701633], [-73.803798, 40.701545], [-73.806654, 40.700823], [-73.807969, 40.700486], [-73.808384, 40.700357], [-73.808782, 40.700197], [-73.809189, 40.700024], [-73.809612, 40.699881], [-73.811105, 40.699458], [-73.811604, 40.699372], [-73.81212, 40.699364], [-73.812545, 40.699417], [-73.814744, 40.700003], [-73.815124, 40.700177], [-73.815457, 40.700389], [-73.815746, 40.700641], [-73.815991, 40.700935], [-73.816187, 40.701272], [-73.816859, 40.702566], [-73.817765, 40.704526], [-73.817942, 40.704876], [-73.818129, 40.70518], [-73.81838, 40.70556], [-73.819479, 40.707304], [-73.820574, 40.709179], [-73.820832, 40.709619], [-73.821039, 40.709921], [-73.821305, 40.710195], [-73.821634, 40.71044], [-73.822024, 40.710658], [-73.822473, 40.710847], [-73.827083, 40.712617], [-73.827532, 40.712782], [-73.827953, 40.712953], [-73.828344, 40.713129], [-73.831008, 40.714441], [-73.831353, 40.714639], [-73.831691, 40.714844], [-73.832023, 40.715053], [-73.832349, 40.715267], [-73.832669, 40.715485], [-73.832983, 40.715708], [-73.833291, 40.715936], [-73.833689, 40.716237], [-73.834081, 40.716517], [-73.834482, 40.716787], [-73.834895, 40.717046], [-73.835318, 40.717294], [-73.835753, 40.717531], [-73.837324, 40.718331], [-73.840085, 40.71968], [-73.840432, 40.719857], [-73.840786, 40.720028], [-73.841146, 40.720194], [-73.844521, 40.721691], [-73.847541, 40.723026], [-73.847975, 40.723253], [-73.848394, 40.723493], [-73.848797, 40.723747], [-73.849184, 40.724013], [-73.849556, 40.724292], [-73.849912, 40.724584], [-73.850252, 40.724889], [-73.850544, 40.725159], [-73.850942, 40.72549], [-73.851377, 40.7258], [-73.851849, 40.72609], [-73.852359, 40.726358], [-73.852719, 40.726523], [-73.853091, 40.726688], [-73.853554, 40.726887], [-73.853983, 40.727062], [-73.854378, 40.727216], [-73.861604, 40.729846], [-73.86471, 40.730985], [-73.865257, 40.731187], [-73.865768, 40.731397], [-73.866241, 40.731614], [-73.866676, 40.731838], [-73.867073, 40.73207], [-73.867444, 40.732287], [-73.867843, 40.732499], [-73.868274, 40.732706], [-73.868737, 40.732909], [-73.869229, 40.733106], [-73.869663, 40.733255], [-73.870111, 40.733401], [-73.870571, 40.733544], [-73.874126, 40.734593], [-73.874686, 40.734775], [-73.875194, 40.734988], [-73.87565, 40.735232], [-73.876054, 40.735507], [-73.876405, 40.735812], [-73.876705, 40.736148], [-73.876951, 40.736514], [-73.877223, 40.737015], [-73.878602, 40.739655], [-73.878794, 40.739977], [-73.879004, 40.740261], [-73.879295, 40.740561], [-73.880977, 40.741822], [-73.881316, 40.742045], [-73.881662, 40.742256], [-73.882017, 40.742454], [-73.882388, 40.742661], [-73.882775, 40.742862], [-73.884523, 40.743718], [-73.884885, 40.74389], [-73.891338, 40.746644], [-73.898453, 40.749669], [-73.906006, 40.752885], [-73.906786, 40.753221], [-73.908935, 40.754245], [-73.913333, 40.756312], [-73.914295, 40.756762], [-73.914655, 40.756933], [-73.917222, 40.758182], [-73.917638, 40.758356], [-73.918033, 40.758469], [-73.91859, 40.758523], [-73.919101, 40.758437], [-73.919568, 40.758213], [-73.91985, 40.757972], [-73.92074, 40.756879], [-73.921395, 40.756071], [-73.923728, 40.753072], [-73.923982, 40.752778], [-73.924291, 40.752545], [-73.924657, 40.752373], [-73.92507, 40.752262], [-73.92548, 40.752179], [-73.925903, 40.752119], [-73.926339, 40.752083], [-73.928781, 40.752039], [-73.931627, 40.75199], [-73.932184, 40.751957], [-73.932713, 40.75188], [-73.933212, 40.751758], [-73.933682, 40.751591], [-73.934122, 40.75138], [-73.934532, 40.751125], [-73.934913, 40.750826], [-73.936347, 40.749495], [-73.936655, 40.749251], [-73.93703, 40.749054], [-73.93978, 40.748061], [-73.941563, 40.747421], [-73.942033, 40.747303], [-73.942533, 40.747258], [-73.943063, 40.747287], [-73.943479, 40.747357], [-73.946, 40.747846], [-73.952344, 40.749075], [-73.952983, 40.749234], [-73.953629, 40.74943], [-73.954279, 40.749664], [-73.954933, 40.749935], [-73.95559, 40.750244], [-73.956251, 40.750591], [-73.956916, 40.750975], [-73.957251, 40.751182], [-73.961669, 40.754285], [-73.961989, 40.754497], [-73.962335, 40.754693], [-73.962705, 40.754872], [-73.969055, 40.757552], [-73.975224, 40.760167], [-73.976697, 40.760789], [-73.980212, 40.762259], [-73.981637, 40.762862], [-73.983698, 40.763731], [-73.984216, 40.763838], [-73.984674, 40.763797], [-73.985068, 40.763606], [-73.985984, 40.762456], [-73.989735, 40.757308], [-73.993391, 40.752287], [-73.998041, 40.745906], [-74.00169, 40.740893], [-74.002363, 40.739974], [-74.002535, 40.739666], [-74.002592, 40.739278], [-74.002514, 40.738964], [-73.999792, 40.734389], [-73.999642, 40.734021], [-73.999636, 40.733666], [-73.999777, 40.733324], [-74.000477, 40.732362], [-74.001312, 40.731216], [-74.001497, 40.730922], [-74.002395, 40.729279], [-74.002552, 40.72897], [-74.002689, 40.728661], [-74.003739, 40.726227], [-74.005189, 40.722659], [-74.005278, 40.72232], [-74.005304, 40.721953], [-74.005229, 40.720824], [-74.005163, 40.719096], [-74.005183, 40.71873], [-74.005293, 40.718377], [-74.00549, 40.718037], [-74.009781, 40.712582]]}}, {"type": "Feature", "properties": {"route": "F", "color": "#FF6319"}, "geometry": {"type": "LineString", "coordinates": [[-73.981233, 40.577422], [-73.981083, 40.576635], [-73.980887, 40.576318], [-73.98052, 40.576134], [-73.980094, 40.576039], [-73.978088, 40.575771], [-73.977603, 40.575754], [-73.977114, 40.575801], [-73.97662, 40.575912], [-73.975939, 40.576127], [-73.974984, 40.576429], [-73.974632, 40.576661], [-73.974526, 40.576967], [-73.974701, 40.578467], [-73.974719, 40.578795], [-73.974574, 40.581011], [-73.974516, 40.581844], [-73.974528, 40.582166], [-73.974601, 40.582752], [-73.974628, 40.583067], [-73.974328, 40.588507], [-73.974311, 40.588837], [-73.974286, 40.589208], [-73.974259, 40.589533], [-73.974216, 40.589918], [-73.974168, 40.590302], [-73.974118, 40.59067], [-73.974067, 40.591023], [-73.973357, 40.596063], [-73.972361, 40.603217], [-73.972247, 40.604053], [-73.972226, 40.604387], [-73.972243, 40.60475], [-73.972299, 40.605143], [-73.973022, 40.608944], [-73.974197, 40.61514], [-73.975264, 40.620769], [-73.976127, 40.625322], [-73.976971, 40.629755], [-73.978172, 40.636119], [-73.978249, 40.636526], [-73.978331, 40.636906], [-73.97842, 40.637264], [-73.978528, 40.637671], [-73.978619, 40.637997], [-73.978704, 40.638354], [-73.979056, 40.640186], [-73.979112, 40.640503], [-73.979147, 40.640819], [-73.979204, 40.641369], [-73.979243, 40.641705], [-73.979304, 40.642066], [-73.979678, 40.644041], [-73.979931, 40.645397], [-73.979985, 40.645822], [-73.979969, 40.646215], [-73.979886, 40.646577], [-73.979733, 40.646907], [-73.979513, 40.647205], [-73.979223, 40.647471], [-73.978865, 40.647706], [-73.977306, 40.648349], [-73.976933, 40.648536], [-73.976613, 40.648766], [-73.976345, 40.649038], [-73.976129, 40.649352], [-73.975964, 40.649708], [-73.975851, 40.650106], [-73.975789, 40.650546], [-73.97578, 40.650865], [-73.975806, 40.651221], [-73.97585, 40.651619], [-73.975894, 40.651943], [-73.975951, 40.652292], [-73.976441, 40.654895], [-73.976525, 40.655222], [-73.976722, 40.655609], [-73.977018, 40.655939], [-73.977414, 40.656215], [-73.979648, 40.657523], [-73.980024, 40.657784], [-73.980281, 40.658066], [-73.98042, 40.658369], [-73.98044, 40.658693], [-73.980342, 40.659039], [-73.980155, 40.659382], [-73.97994, 40.659733], [-73.979696, 40.660092], [-73.977329, 40.663046], [-73.977094, 40.663364], [-73.976959, 40.663671], [-73.976938, 40.664108], [-73.977132, 40.664515], [-73.977382, 40.664771], [-73.977729, 40.665013], [-73.980305, 40.666271], [-73.982712, 40.667436], [-73.983081, 40.667615], [-73.985354, 40.668766], [-73.985745, 40.668919], [-73.986139, 40.669037], [-73.986636, 40.669135], [-73.987053, 40.669197], [-73.987489, 40.669295], [-73.987926, 40.669427], [-73.988362, 40.669593], [-73.989779, 40.670272], [-73.992891, 40.671773], [-73.99324, 40.671959], [-73.995224, 40.673105], [-73.995585, 40.673323], [-73.995915, 40.673547], [-73.996248, 40.673793], [-73.996533, 40.674024], [-73.996815, 40.674274], [-73.997086, 40.674547], [-73.997294, 40.674859], [-73.997419, 40.675199], [-73.997462, 40.675567], [-73.997427, 40.675896], [-73.997325, 40.676212], [-73.996262, 40.678436], [-73.9961, 40.678744], [-73.995856, 40.679169], [-73.995612, 40.679556], [-73.99537, 40.679902], [-73.995128, 40.680209], [-73.994454, 40.680903], [-73.994202, 40.681234], [-73.994001, 40.681511], [-73.993801, 40.6818], [-73.990862, 40.686145], [-73.988937, 40.688929], [-73.987738, 40.690701], [-73.987556, 40.690993], [-73.987423, 40.691336], [-73.987379, 40.691695], [-73.987343, 40.692332], [-73.987277, 40.693682], [-73.987248, 40.694024], [-73.987206, 40.694364], [-73.987175, 40.694687], [-73.987036, 40.697395], [-73.986885, 40.699743], [-73.986772, 40.701398], [-73.986587, 40.704099], [-73.986585, 40.704591], [-73.986636, 40.705079], [-73.986741, 40.705563], [-73.986898, 40.706042], [-73.987109, 40.706517], [-73.987372, 40.706987], [-73.987689, 40.707452], [-73.988681, 40.708766], [-73.988899, 40.709071], [-73.9891, 40.709397], [-73.989281, 40.70974], [-73.989444, 40.710101], [-73.989587, 40.710479], [-73.989712, 40.710875], [-73.989817, 40.711288], [-73.99007, 40.712816], [-73.990119, 40.71315], [-73.990159, 40.713506], [-73.990184, 40.713846], [-73.990186, 40.714176], [-73.990141, 40.714506], [-73.990033, 40.714868], [-73.98989, 40.715182], [-73.988114, 40.718611], [-73.986929, 40.720922], [-73.986786, 40.721272], [-73.986727, 40.721592], [-73.986797, 40.722014], [-73.987058, 40.722365], [-73.987511, 40.722645], [-73.987919, 40.722792], [-73.989938, 40.723402], [-73.99255, 40.724185], [-73.996204, 40.725297], [-73.996641, 40.725437], [-73.997069, 40.725591], [-73.997471, 40.725751], [-73.997848, 40.725918], [-74.001901, 40.727913], [-74.002301, 40.72817], [-74.002506, 40.728505], [-74.002515, 40.728918], [-74.002395, 40.729279], [-74.001552, 40.73082], [-74.001367, 40.731134], [-74.000515, 40.732312], [-73.999777, 40.733324], [-73.996209, 40.738228], [-73.992821, 40.742878], [-73.987823, 40.749719], [-73.984569, 40.754222], [-73.981329, 40.758663], [-73.979701, 40.760893], [-73.97745, 40.763972], [-73.975637, 40.766457], [-73.975214, 40.766834], [-73.97474, 40.767106], [-73.974222, 40.76728], [-73.973658, 40.767353], [-73.973049, 40.767327], [-73.972394, 40.767201], [-73.971695, 40.766975], [-73.966113, 40.764629], [-73.964558, 40.763973], [-73.957707, 40.761088], [-73.957322, 40.760922], [-73.95326, 40.759145], [-73.947784, 40.756723], [-73.947419, 40.756553], [-73.942836, 40.754203], [-73.941824, 40.753681], [-73.941432, 40.753476], [-73.941043, 40.753264], [-73.93669, 40.750946], [-73.936262, 40.750759], [-73.935832, 40.750684], [-73.9354, 40.75072], [-73.934966, 40.750867], [-73.934532, 40.751125], [-73.934122, 40.75138], [-73.933682, 40.751591], [-73.933212, 40.751758], [-73.932713, 40.75188], [-73.932184, 40.751957], [-73.931627, 40.75199], [-73.928781, 40.752039], [-73.926563, 40.752074], [-73.92612, 40.752098], [-73.92569, 40.752146], [-73.925273, 40.752217], [-73.924861, 40.752311], [-73.924467, 40.752452], [-73.924129, 40.752654], [-73.923848, 40.752918], [-73.921565, 40.755854], [-73.92074, 40.756879], [-73.91985, 40.757972], [-73.919568, 40.758213], [-73.919101, 40.758437], [-73.91859, 40.758523], [-73.918033, 40.758469], [-73.917638, 40.758356], [-73.917222, 40.758182], [-73.914834, 40.757023], [-73.914475, 40.756846], [-73.913333, 40.756312], [-73.908935, 40.754245], [-73.906786, 40.753221], [-73.906006, 40.752885], [-73.898453, 40.749669], [-73.891338, 40.746644], [-73.885149, 40.744006], [-73.88476, 40.743832], [-73.882917, 40.742933], [-73.88251, 40.742726], [-73.882165, 40.742539], [-73.881803, 40.742337], [-73.881453, 40.742131], [-73.881112, 40.741913], [-73.879422, 40.740665], [-73.879117, 40.740389], [-73.878845, 40.740052], [-73.878649, 40.739739], [-73.877223, 40.737015], [-73.877055, 40.73671], [-73.876834, 40.736327], [-73.876562, 40.735976], [-73.876236, 40.735655], [-73.875859, 40.735365], [-73.875429, 40.735106], [-73.874947, 40.734877], [-73.874412, 40.734679], [-73.870923, 40.733648], [-73.870454, 40.733509], [-73.869998, 40.733365], [-73.869554, 40.733218], [-73.869062, 40.733041], [-73.868579, 40.732842], [-73.868127, 40.732638], [-73.867707, 40.732429], [-73.867317, 40.732215], [-73.866945, 40.731991], [-73.866535, 40.731763], [-73.866087, 40.731541], [-73.865602, 40.731327], [-73.865078, 40.731119], [-73.861604, 40.729846], [-73.854378, 40.727216], [-73.853983, 40.727062], [-73.853554, 40.726887], [-73.853091, 40.726688], [-73.852719, 40.726523], [-73.852359, 40.726358], [-73.852015, 40.726181], [-73.85153, 40.725899], [-73.851083, 40.725596], [-73.850673, 40.725272], [-73.850252, 40.724889], [-73.849912, 40.724584], [-73.849556, 40.724292], [-73.849184, 40.724013], [-73.848797, 40.723747], [-73.848394, 40.723493], [-73.847975, 40.723253], [-73.847541, 40.723026], [-73.844521, 40.721691], [-73.841421, 40.720314], [-73.841055, 40.720153], [-73.840697, 40.719986], [-73.840345, 40.719813], [-73.837324, 40.718331], [-73.835753, 40.717531], [-73.835318, 40.717294], [-73.834895, 40.717046], [-73.834482, 40.716787], [-73.834081, 40.716517], [-73.833689, 40.716237], [-73.833291, 40.715936], [-73.832983, 40.715708], [-73.832669, 40.715485], [-73.832349, 40.715267], [-73.832023, 40.715053], [-73.831691, 40.714844], [-73.831353, 40.714639], [-73.831008, 40.714441], [-73.828344, 40.713129], [-73.827953, 40.712953], [-73.827532, 40.712782], [-73.827083, 40.712617], [-73.822473, 40.710847], [-73.822024, 40.710658], [-73.821634, 40.71044], [-73.821305, 40.710195], [-73.821039, 40.709921], [-73.820832, 40.709619], [-73.820574, 40.709179], [-73.819479, 40.707304], [-73.81838, 40.70556], [-73.817996, 40.705107], [-73.817565, 40.704748], [-73.81709, 40.704481], [-73.816571, 40.704306], [-73.816009, 40.704221], [-73.815403, 40.704229], [-73.814754, 40.704327], [-73.810708, 40.70546], [-73.803326, 40.707564], [-73.795611, 40.709755], [-73.795215, 40.709872], [-73.794808, 40.710012], [-73.793604, 40.71047], [-73.790828, 40.711493], [-73.790317, 40.711666], [-73.789778, 40.711803], [-73.789209, 40.711904], [-73.788612, 40.711967], [-73.78799, 40.711994], [-73.786515, 40.712102], [-73.786087, 40.712152], [-73.78567, 40.71222], [-73.785267, 40.712305], [-73.783817, 40.712646]]}}, {"type": "Feature", "properties": {"route": "FS", "color": "#808183"}, "geometry": {"type": "LineString", "coordinates": [[-73.962246, 40.661614], [-73.962267, 40.661951], [-73.962233, 40.662308], [-73.962143, 40.662683], [-73.961996, 40.663075], [-73.961791, 40.663485], [-73.961509, 40.664126], [-73.96114, 40.665142], [-73.959245, 40.670343], [-73.957624, 40.674772], [-73.955943, 40.679434], [-73.955869, 40.679765], [-73.955827, 40.680596]]}}, {"type": "Feature", "properties": {"route": "G", "color": "#6CBE45"}, "geometry": {"type": "LineString", "coordinates": [[-73.943832, 40.746554], [-73.947934, 40.744914], [-73.948396, 40.744715], [-73.94887, 40.744496], [-73.949232, 40.744318], [-73.9496, 40.744129], [-73.95331, 40.742194], [-73.953724, 40.741958], [-73.954093, 40.741701], [-73.954415, 40.741418], [-73.95469, 40.741111], [-73.954918, 40.740778], [-73.955098, 40.74042], [-73.955231, 40.740037], [-73.955415, 40.738556], [-73.955445, 40.738237], [-73.955454, 40.737918], [-73.955445, 40.737598], [-73.955415, 40.737279], [-73.955369, 40.736961], [-73.954449, 40.731352], [-73.954385, 40.730967], [-73.954326, 40.73064], [-73.954254, 40.730325], [-73.954122, 40.72987], [-73.953964, 40.729439], [-73.953779, 40.729031], [-73.951277, 40.724635], [-73.950036, 40.722448], [-73.949934, 40.722118], [-73.949929, 40.721794], [-73.95002, 40.721473], [-73.950207, 40.721157], [-73.95049, 40.720844], [-73.951877, 40.719427], [-73.952107, 40.719091], [-73.952248, 40.718746], [-73.952301, 40.718391], [-73.951418, 40.712792], [-73.950308, 40.706092], [-73.950246, 40.705725], [-73.950207, 40.705397], [-73.950193, 40.705043], [-73.950286, 40.701092], [-73.950278, 40.700771], [-73.950247, 40.700455], [-73.949046, 40.694568], [-73.948756, 40.693113], [-73.948686, 40.692769], [-73.94844, 40.691698], [-73.948399, 40.691374], [-73.948468, 40.690947], [-73.948695, 40.690593], [-73.949079, 40.690311], [-73.949621, 40.690103], [-73.953522, 40.689627], [-73.96007, 40.688873], [-73.966839, 40.688089], [-73.975375, 40.687119], [-73.976828, 40.686971], [-73.978621, 40.686762], [-73.979124, 40.686721], [-73.979594, 40.686726], [-73.98003, 40.686779], [-73.980738, 40.686969], [-73.981149, 40.687086], [-73.981883, 40.68735], [-73.982299, 40.687505], [-73.982718, 40.687653], [-73.983155, 40.687795], [-73.983603, 40.687948], [-73.98405, 40.688112], [-73.985001, 40.688484], [-73.987376, 40.689409], [-73.987877, 40.689495], [-73.988318, 40.689426], [-73.988696, 40.689201], [-73.988937, 40.688929], [-73.990862, 40.686145], [-73.993701, 40.681949], [-73.993901, 40.681655], [-73.994101, 40.681371], [-73.994353, 40.681033], [-73.995048, 40.680303], [-73.995289, 40.680009], [-73.995532, 40.679676], [-73.995775, 40.679303], [-73.996019, 40.67889], [-73.996182, 40.678593], [-73.997223, 40.676438], [-73.997359, 40.676122], [-73.997447, 40.675805], [-73.997459, 40.675472], [-73.997396, 40.675111], [-73.99725, 40.674778], [-73.997022, 40.674474], [-73.996745, 40.67421], [-73.996462, 40.673964], [-73.996103, 40.673684], [-73.995777, 40.67345], [-73.995434, 40.673229], [-73.993354, 40.672023], [-73.992991, 40.671826], [-73.989779, 40.670272], [-73.98847, 40.669639], [-73.988035, 40.669466], [-73.987598, 40.669325], [-73.987162, 40.669218], [-73.986736, 40.669148], [-73.986238, 40.669061], [-73.985843, 40.668952], [-73.985451, 40.668808], [-73.983365, 40.66776], [-73.982993, 40.667571], [-73.980305, 40.666271], [-73.977941, 40.66513], [-73.977544, 40.664893], [-73.977245, 40.664645], [-73.976978, 40.664247], [-73.976928, 40.66382], [-73.977094, 40.663364], [-73.977329, 40.663046], [-73.979493, 40.660365], [-73.97976, 40.660002], [-73.979996, 40.659645], [-73.980204, 40.659296], [-73.980388, 40.658921], [-73.980446, 40.658583], [-73.980386, 40.658266], [-73.980208, 40.65797], [-73.979912, 40.657695], [-73.977414, 40.656215], [-73.977018, 40.655939], [-73.976722, 40.655609], [-73.976525, 40.655222], [-73.976441, 40.654895], [-73.975951, 40.652292], [-73.975894, 40.651943], [-73.97585, 40.651619], [-73.975806, 40.651221], [-73.97578, 40.650865], [-73.975789, 40.650546], [-73.975851, 40.650106], [-73.975964, 40.649708], [-73.976129, 40.649352], [-73.976345, 40.649038], [-73.976613, 40.648766], [-73.976933, 40.648536], [-73.977306, 40.648349], [-73.97866, 40.647813], [-73.979052, 40.647593], [-73.979376, 40.647342], [-73.979632, 40.64706], [-73.979818, 40.646746], [-73.979936, 40.6464], [-73.979986, 40.646022], [-73.979966, 40.645613], [-73.979678, 40.644041]]}}, {"type": "Feature", "properties": {"route": "GS", "color": "#808183"}, "geometry": {"type": "LineString", "coordinates": [[-73.986229, 40.755983], [-73.986022, 40.755708], [-73.979189, 40.752769]]}}, {"type": "Feature", "properties": {"route": "H", "color": "#808183"}, "geometry": {"type": "LineString", "coordinates": [[-73.843853, 40.680429], [-73.841687, 40.680843], [-73.841258, 40.680876], [-73.840769, 40.680806], [-73.840373, 40.680605], [-73.840071, 40.680272], [-73.839095, 40.678632], [-73.838919, 40.678301], [-73.838754, 40.677965], [-73.835919, 40.672097], [-73.834058, 40.668234], [-73.830301, 40.660476], [-73.829062, 40.657898], [-73.828917, 40.657564], [-73.82878, 40.657222], [-73.828652, 40.65687], [-73.828531, 40.656508], [-73.82842, 40.656136], [-73.816197, 40.609245], [-73.816092, 40.60889], [-73.815982, 40.608548], [-73.815867, 40.60822], [-73.815746, 40.607903], [-73.809421, 40.593127], [-73.80929, 40.592668], [-73.809239, 40.592211], [-73.809269, 40.591756], [-73.809379, 40.591304], [-73.80957, 40.590854], [-73.809841, 40.590407], [-73.810192, 40.589962], [-73.810493, 40.589649], [-73.810802, 40.58939], [-73.811135, 40.589153], [-73.811492, 40.588938], [-73.811874, 40.588745], [-73.813641, 40.588034], [-73.820558, 40.585307], [-73.82133, 40.585014], [-73.821779, 40.584857], [-73.822164, 40.584731], [-73.822574, 40.584604], [-73.827559, 40.583209], [-73.82873, 40.582874], [-73.829126, 40.582753], [-73.829817, 40.582509], [-73.83022, 40.582378], [-73.833245, 40.581529], [-73.833684, 40.581426], [-73.835592, 40.580903]]}}, {"type": "Feature", "properties": {"route": "J", "color": "#996633"}, "geometry": {"type": "LineString", "coordinates": [[-73.801109, 40.702147], [-73.803388, 40.701633], [-73.803798, 40.701545], [-73.806654, 40.700823], [-73.807969, 40.700486], [-73.808384, 40.700357], [-73.808782, 40.700197], [-73.809189, 40.700024], [-73.809612, 40.699881], [-73.811105, 40.699458], [-73.813427, 40.698794], [-73.813939, 40.698661], [-73.814447, 40.698561], [-73.814951, 40.698494], [-73.815451, 40.698461], [-73.815947, 40.69846], [-73.816439, 40.698492], [-73.816926, 40.698558], [-73.817409, 40.698656], [-73.817888, 40.698788], [-73.818362, 40.698953], [-73.818832, 40.699151], [-73.819298, 40.699382], [-73.81976, 40.699646], [-73.820218, 40.699943], [-73.820667, 40.700273], [-73.821368, 40.700828], [-73.821691, 40.70104], [-73.822201, 40.701276], [-73.822739, 40.701412], [-73.823305, 40.701449], [-73.823901, 40.701387], [-73.825086, 40.701081], [-73.825526, 40.700967], [-73.825988, 40.700873], [-73.828294, 40.700492], [-73.829627, 40.700278], [-73.830037, 40.700198], [-73.830468, 40.700105], [-73.831794, 40.699771], [-73.832227, 40.699628], [-73.832615, 40.699466], [-73.835503, 40.697906], [-73.835861, 40.697707], [-73.836191, 40.697513], [-73.838203, 40.696163], [-73.838604, 40.695932], [-73.839029, 40.695736], [-73.839477, 40.695575], [-73.839948, 40.695451], [-73.840442, 40.695363], [-73.840868, 40.695312], [-73.841398, 40.695258], [-73.841885, 40.695222], [-73.842328, 40.695203], [-73.84433, 40.695178], [-73.845102, 40.69517], [-73.84559, 40.695147], [-73.846026, 40.695099], [-73.850124, 40.69431], [-73.850578, 40.694202], [-73.851062, 40.694059], [-73.851471, 40.693919], [-73.853777, 40.693067], [-73.854233, 40.692926], [-73.854712, 40.69282], [-73.855215, 40.69275], [-73.858862, 40.692537], [-73.859321, 40.692506], [-73.85978, 40.692461], [-73.86197, 40.692174], [-73.862424, 40.692108], [-73.8657, 40.691556], [-73.866148, 40.691478], [-73.867139, 40.691324], [-73.868193, 40.691163], [-73.868629, 40.69108], [-73.871142, 40.690449], [-73.871537, 40.69034], [-73.871932, 40.690206], [-73.87255, 40.689941], [-73.873578, 40.689501], [-73.873882, 40.689226], [-73.873906, 40.688907], [-73.87333, 40.687236], [-73.873222, 40.686921], [-73.87312, 40.686608], [-73.872326, 40.684107], [-73.872359, 40.683753], [-73.872657, 40.68352], [-73.873785, 40.683194], [-73.879022, 40.681705], [-73.879429, 40.68159], [-73.879836, 40.681471], [-73.884639, 40.679947], [-73.889574, 40.678375], [-73.889977, 40.678281], [-73.891688, 40.678024], [-73.898654, 40.676992], [-73.899559, 40.67686], [-73.899999, 40.676883], [-73.904512, 40.679498], [-73.910456, 40.682893], [-73.916559, 40.68637], [-73.92227, 40.68963], [-73.928814, 40.693342], [-73.934679, 40.696654], [-73.935657, 40.697207], [-73.941126, 40.70026], [-73.941937, 40.700727], [-73.942299, 40.700948], [-73.942652, 40.701178], [-73.94301, 40.701401], [-73.947408, 40.703869], [-73.951411, 40.706102], [-73.951765, 40.706278], [-73.953431, 40.70687], [-73.957757, 40.708359], [-73.959184, 40.70885], [-73.960708, 40.710006], [-73.961046, 40.710199], [-73.978898, 40.715626], [-73.984387, 40.717289], [-73.984791, 40.717421], [-73.985293, 40.717615], [-73.985681, 40.717761], [-73.987437, 40.718315], [-73.990892, 40.719363], [-73.993915, 40.72028], [-73.996655, 40.721196], [-73.997124, 40.721219], [-73.99749, 40.720993], [-73.99894, 40.719273], [-73.999173, 40.718993], [-73.999892, 40.718092], [-74.00032, 40.71757], [-74.000552, 40.717276], [-74.002475, 40.714666], [-74.002677, 40.714386], [-74.003401, 40.713243], [-74.003802, 40.712622], [-74.00412, 40.712367], [-74.004682, 40.712242], [-74.005095, 40.712147], [-74.007108, 40.710784], [-74.007395, 40.710551], [-74.007677, 40.710287], [-74.007938, 40.710023], [-74.00872, 40.709218], [-74.008989, 40.708958], [-74.009276, 40.708706], [-74.009545, 40.708428], [-74.01036, 40.707526], [-74.010591, 40.707228], [-74.011056, 40.706476]]}}, {"type": "Feature", "properties": {"route": "L", "color": "#A7A9AC"}, "geometry": {"type": "LineString", "coordinates": [[-74.002578, 40.739777], [-73.996786, 40.737335], [-73.99073, 40.734789], [-73.986122, 40.732849], [-73.981628, 40.730953], [-73.973379, 40.727471], [-73.972994, 40.727293], [-73.972599, 40.727089], [-73.956872, 40.717304], [-73.952137, 40.714362], [-73.951734, 40.714168], [-73.951298, 40.714074], [-73.950275, 40.714063], [-73.949822, 40.714059], [-73.949363, 40.714073], [-73.9489, 40.714103], [-73.944053, 40.714565], [-73.942584, 40.7147], [-73.942131, 40.714632], [-73.94067, 40.711926], [-73.940527, 40.711577], [-73.940434, 40.711246], [-73.93985, 40.707739], [-73.939643, 40.70648], [-73.939505, 40.706052], [-73.939268, 40.705743], [-73.938929, 40.705554], [-73.938491, 40.705485], [-73.937953, 40.705534], [-73.93564, 40.705981], [-73.93521, 40.706029], [-73.934785, 40.706041], [-73.93435, 40.706031], [-73.933918, 40.706047], [-73.933147, 40.706152], [-73.92523, 40.707436], [-73.924731, 40.707453], [-73.924248, 40.707357], [-73.923874, 40.7072], [-73.922913, 40.706607], [-73.918425, 40.703811], [-73.915962, 40.702272], [-73.915576, 40.702038], [-73.91519, 40.701811], [-73.914803, 40.701592], [-73.911586, 40.699814], [-73.904084, 40.695602], [-73.902984, 40.694979], [-73.902637, 40.694773], [-73.902304, 40.694559], [-73.901504, 40.694054], [-73.901221, 40.693816], [-73.900937, 40.693431], [-73.900819, 40.693012], [-73.900868, 40.692557], [-73.900993, 40.692234], [-73.901191, 40.691895], [-73.901437, 40.691615], [-73.901693, 40.691332], [-73.901958, 40.691049], [-73.902232, 40.690766], [-73.902516, 40.690482], [-73.902784, 40.690214], [-73.903067, 40.689911], [-73.904046, 40.688764], [-73.904794, 40.687875], [-73.905021, 40.687564], [-73.90522, 40.687188], [-73.905391, 40.68675], [-73.905488, 40.686422], [-73.905574, 40.686067], [-73.905647, 40.685684], [-73.905764, 40.684707], [-73.905743, 40.684311], [-73.90568, 40.683927], [-73.905577, 40.683552], [-73.905434, 40.683187], [-73.905249, 40.682829], [-73.905053, 40.682472], [-73.904866, 40.682179], [-73.904647, 40.681901], [-73.904388, 40.681627], [-73.90413, 40.681288], [-73.903957, 40.680995], [-73.90324, 40.678856], [-73.902886, 40.677701], [-73.902816, 40.677389], [-73.902807, 40.677058], [-73.902865, 40.676334], [-73.903097, 40.675345], [-73.903283, 40.674641], [-73.903309, 40.674323], [-73.902599, 40.671455], [-73.902492, 40.671149], [-73.902349, 40.67085], [-73.901975, 40.669367], [-73.900571, 40.664038], [-73.899232, 40.658733], [-73.898074, 40.654252], [-73.898006, 40.653899], [-73.897992, 40.653553], [-73.898033, 40.653217], [-73.898128, 40.652889], [-73.898278, 40.652568], [-73.899485, 40.650573], [-73.90185, 40.646654]]}}, {"type": "Feature", "properties": {"route": "M", "color": "#FF6319"}, "geometry": {"type": "LineString", "coordinates": [[-73.889601, 40.711396], [-73.889743, 40.711079], [-73.889864, 40.710763], [-73.889944, 40.710449], [-73.890083, 40.7099], [-73.890208, 40.709594], [-73.892109, 40.707479], [-73.892444, 40.707203], [-73.892831, 40.706988], [-73.893272, 40.706833], [-73.895877, 40.706186], [-73.903077, 40.704423], [-73.906656, 40.703548], [-73.907031, 40.703402], [-73.90774, 40.702762], [-73.910743, 40.699825], [-73.911072, 40.699614], [-73.912385, 40.69943], [-73.919711, 40.698664], [-73.927397, 40.697857], [-73.933022, 40.697229], [-73.933401, 40.697097], [-73.933808, 40.696684], [-73.93422, 40.696536], [-73.934679, 40.696654], [-73.935657, 40.697207], [-73.941126, 40.70026], [-73.941937, 40.700727], [-73.942299, 40.700948], [-73.942652, 40.701178], [-73.94301, 40.701401], [-73.947408, 40.703869], [-73.951411, 40.706102], [-73.951765, 40.706278], [-73.953431, 40.70687], [-73.957757, 40.708359], [-73.959184, 40.70885], [-73.960708, 40.710006], [-73.961046, 40.710199], [-73.978898, 40.715626], [-73.984387, 40.717289], [-73.984791, 40.717421], [-73.985293, 40.717615], [-73.985681, 40.717761], [-73.987437, 40.718315], [-73.990892, 40.719363], [-73.991365, 40.719577], [-73.991715, 40.719862], [-73.99194, 40.720217], [-73.99204, 40.720643], [-73.992038, 40.720965], [-73.991861, 40.72208], [-73.991709, 40.722918], [-73.991691, 40.723253], [-73.991812, 40.723635], [-73.992098, 40.723946], [-73.99255, 40.724185], [-73.996204, 40.725297], [-73.996641, 40.725437], [-73.997069, 40.725591], [-73.997471, 40.725751], [-73.997848, 40.725918], [-74.001901, 40.727913], [-74.002301, 40.72817], [-74.002506, 40.728505], [-74.002515, 40.728918], [-74.002395, 40.729279], [-74.001552, 40.73082], [-74.001367, 40.731134], [-74.000515, 40.732312], [-73.999777, 40.733324], [-73.996209, 40.738228], [-73.992821, 40.742878], [-73.987823, 40.749719], [-73.984569, 40.754222], [-73.981329, 40.758663], [-73.979701, 40.760893], [-73.97745, 40.763972], [-73.975637, 40.766457], [-73.975214, 40.766834], [-73.97474, 40.767106], [-73.974222, 40.76728], [-73.973658, 40.767353], [-73.973049, 40.767327], [-73.972394, 40.767201], [-73.971695, 40.766975], [-73.966113, 40.764629], [-73.964558, 40.763973], [-73.957707, 40.761088], [-73.957322, 40.760922], [-73.95326, 40.759145], [-73.947784, 40.756723], [-73.947419, 40.756553], [-73.942836, 40.754203], [-73.941824, 40.753681], [-73.941432, 40.753476], [-73.941043, 40.753264], [-73.93669, 40.750946], [-73.936262, 40.750759], [-73.935832, 40.750684], [-73.9354, 40.75072], [-73.934966, 40.750867], [-73.934532, 40.751125], [-73.934122, 40.75138], [-73.933682, 40.751591], [-73.933212, 40.751758], [-73.932713, 40.75188], [-73.932184, 40.751957], [-73.931627, 40.75199], [-73.928781, 40.752039], [-73.926563, 40.752074], [-73.92612, 40.752098], [-73.92569, 40.752146], [-73.925273, 40.752217], [-73.924861, 40.752311], [-73.924467, 40.752452], [-73.924129, 40.752654], [-73.923848, 40.752918], [-73.921565, 40.755854], [-73.92074, 40.756879], [-73.91985, 40.757972], [-73.919568, 40.758213], [-73.919101, 40.758437], [-73.91859, 40.758523], [-73.918033, 40.758469], [-73.917638, 40.758356], [-73.917222, 40.758182], [-73.914834, 40.757023], [-73.914475, 40.756846], [-73.913333, 40.756312], [-73.908935, 40.754245], [-73.906786, 40.753221], [-73.906006, 40.752885], [-73.898453, 40.749669], [-73.891338, 40.746644], [-73.885149, 40.744006], [-73.88476, 40.743832], [-73.882917, 40.742933], [-73.88251, 40.742726], [-73.882165, 40.742539], [-73.881803, 40.742337], [-73.881453, 40.742131], [-73.881112, 40.741913], [-73.879422, 40.740665], [-73.879117, 40.740389], [-73.878845, 40.740052], [-73.878649, 40.739739], [-73.877223, 40.737015], [-73.877055, 40.73671], [-73.876834, 40.736327], [-73.876562, 40.735976], [-73.876236, 40.735655], [-73.875859, 40.735365], [-73.875429, 40.735106], [-73.874947, 40.734877], [-73.874412, 40.734679], [-73.870923, 40.733648], [-73.870454, 40.733509], [-73.869998, 40.733365], [-73.869554, 40.733218], [-73.869062, 40.733041], [-73.868579, 40.732842], [-73.868127, 40.732638], [-73.867707, 40.732429], [-73.867317, 40.732215], [-73.866945, 40.731991], [-73.866535, 40.731763], [-73.866087, 40.731541], [-73.865602, 40.731327], [-73.865078, 40.731119], [-73.861604, 40.729846], [-73.854378, 40.727216], [-73.853983, 40.727062], [-73.853554, 40.726887], [-73.853091, 40.726688], [-73.852719, 40.726523], [-73.852359, 40.726358], [-73.852015, 40.726181], [-73.85153, 40.725899], [-73.851083, 40.725596], [-73.850673, 40.725272], [-73.850252, 40.724889], [-73.849912, 40.724584], [-73.849556, 40.724292], [-73.849184, 40.724013], [-73.848797, 40.723747], [-73.848394, 40.723493], [-73.847975, 40.723253], [-73.847541, 40.723026], [-73.844521, 40.721691]]}}, {"type": "Feature", "properties": {"route": "N", "color": "#FCCC0A"}, "geometry": {"type": "LineString", "coordinates": [[-73.981233, 40.577422], [-73.981401, 40.578309], [-73.981407, 40.578632], [-73.981367, 40.578968], [-73.98146, 40.580445], [-73.981421, 40.580765], [-73.981208, 40.581268], [-73.981044, 40.581581], [-73.98087, 40.581868], [-73.980134, 40.583547], [-73.98001, 40.58387], [-73.978868, 40.587474], [-73.978782, 40.587783], [-73.978697, 40.588129], [-73.978607, 40.588457], [-73.978329, 40.589237], [-73.978235, 40.589592], [-73.978117, 40.590044], [-73.978039, 40.590478], [-73.978, 40.590896], [-73.977999, 40.591296], [-73.978036, 40.591679], [-73.97823, 40.592721], [-73.979137, 40.597473], [-73.980353, 40.603923], [-73.981848, 40.611815], [-73.982195, 40.613511], [-73.982275, 40.613824], [-73.982404, 40.614262], [-73.982547, 40.614663], [-73.982703, 40.615027], [-73.982872, 40.615354], [-73.983101, 40.61571], [-73.983383, 40.616074], [-73.983703, 40.616418], [-73.984061, 40.616743], [-73.984457, 40.617049], [-73.985026, 40.61741], [-73.990414, 40.620671], [-73.99515, 40.623531], [-73.995477, 40.623759], [-73.995778, 40.624046], [-73.995999, 40.624317], [-73.996353, 40.624842], [-73.996865, 40.625619], [-73.997068, 40.625895], [-73.997378, 40.626274], [-73.997698, 40.62661], [-73.998029, 40.626904], [-73.99837, 40.627155], [-74.005351, 40.631386], [-74.008653, 40.63339], [-74.00898, 40.633585], [-74.009313, 40.633776], [-74.010907, 40.634653], [-74.011263, 40.634846], [-74.011626, 40.635023], [-74.012069, 40.635204], [-74.012542, 40.635365], [-74.012949, 40.635482], [-74.01619, 40.636319], [-74.016606, 40.636428], [-74.019487, 40.637265], [-74.019929, 40.637418], [-74.020303, 40.637591], [-74.020676, 40.637834], [-74.020921, 40.638101], [-74.020879, 40.638433], [-74.017881, 40.641362], [-74.014034, 40.645069], [-74.010006, 40.648939], [-74.005194, 40.653563], [-74.003549, 40.655144], [-73.998091, 40.660397], [-73.992872, 40.665414], [-73.992612, 40.665689], [-73.988302, 40.670847], [-73.984193, 40.675775], [-73.983975, 40.67605], [-73.98375, 40.676359], [-73.98311, 40.677316], [-73.97881, 40.683666], [-73.978198, 40.684598], [-73.97804, 40.684897], [-73.97798, 40.685237], [-73.978304, 40.687446], [-73.978436, 40.687773], [-73.978747, 40.688036], [-73.980474, 40.68873], [-73.980853, 40.688943], [-73.981117, 40.689232], [-73.981824, 40.690635], [-73.982304, 40.691559], [-73.982521, 40.69184], [-73.982946, 40.692036], [-73.985942, 40.69218], [-73.98829, 40.69227], [-73.98872, 40.692309], [-73.98919, 40.692449], [-73.98954, 40.69269], [-73.989769, 40.693032], [-73.989954, 40.693325], [-73.990274, 40.693608], [-73.990693, 40.693799], [-73.991777, 40.6941], [-73.997331, 40.695626], [-73.997782, 40.695749], [-73.99826, 40.695888], [-73.998764, 40.696046], [-73.999159, 40.696176], [-74.01011, 40.699942], [-74.011412, 40.700483], [-74.011786, 40.700682], [-74.012097, 40.700913], [-74.012346, 40.701177], [-74.012532, 40.701476], [-74.012658, 40.701808], [-74.012994, 40.703087], [-74.013114, 40.703592], [-74.013185, 40.703942], [-74.013241, 40.704285], [-74.013298, 40.704683], [-74.013347, 40.70503], [-74.013493, 40.705357], [-74.013816, 40.705755], [-74.014018, 40.706067], [-74.014028, 40.706406], [-74.013569, 40.706959], [-74.013314, 40.707254], [-74.011029, 40.710668], [-74.010465, 40.711537], [-74.010096, 40.711762], [-74.009672, 40.711723], [-74.009245, 40.711561], [-74.008794, 40.711501], [-74.00841, 40.711635], [-74.007711, 40.712478], [-74.007447, 40.712722], [-74.006978, 40.713282], [-74.006374, 40.714011], [-74.001775, 40.719527], [-74.001429, 40.71993], [-74.001611, 40.719584], [-74.001544, 40.719218], [-74.00046, 40.718383], [-74.001326, 40.719004], [-74.001577, 40.719275], [-74.001592, 40.71965], [-73.997702, 40.724329], [-73.992629, 40.730328], [-73.991683, 40.731445], [-73.991482, 40.731736], [-73.991367, 40.732044], [-73.990568, 40.735736], [-73.990206, 40.737433], [-73.990134, 40.737745], [-73.990051, 40.738085], [-73.989604, 40.739792], [-73.989522, 40.740145], [-73.989462, 40.740489], [-73.989344, 40.741303], [-73.989192, 40.742643], [-73.989153, 40.742973], [-73.9891, 40.743314], [-73.988691, 40.745494], [-73.98795, 40.749567], [-73.98757, 40.751815], [-73.98751, 40.752127], [-73.987437, 40.752438], [-73.987353, 40.752749], [-73.986754, 40.754672], [-73.986201, 40.75643], [-73.986056, 40.756839], [-73.985893, 40.757229], [-73.985712, 40.757599], [-73.985514, 40.757949], [-73.985298, 40.75828], [-73.984139, 40.759901], [-73.980658, 40.764664], [-73.979499, 40.766254], [-73.979239, 40.766507], [-73.978846, 40.766643], [-73.978379, 40.766577], [-73.974217, 40.764825], [-73.973347, 40.764811], [-73.972718, 40.764873], [-73.967258, 40.76266], [-73.959131, 40.75923], [-73.946938, 40.753765], [-73.944152, 40.752553], [-73.942083, 40.751651], [-73.941718, 40.751448], [-73.941429, 40.751192], [-73.941087, 40.750963], [-73.940202, 40.750582], [-73.939174, 40.750134], [-73.938774, 40.749956], [-73.938375, 40.74975], [-73.937978, 40.749518], [-73.937599, 40.749282], [-73.937182, 40.749167], [-73.936696, 40.749267], [-73.935135, 40.750639], [-73.934833, 40.750906], [-73.934101, 40.751406], [-73.9338, 40.751634], [-73.932755, 40.752882], [-73.929575, 40.756804], [-73.925508, 40.76182], [-73.921479, 40.766779], [-73.920795, 40.767617], [-73.920542, 40.767889], [-73.920271, 40.768157], [-73.919982, 40.768421], [-73.917843, 40.770258], [-73.912034, 40.775036]]}}, {"type": "Feature", "properties": {"route": "Q", "color": "#FCCC0A"}, "geometry": {"type": "LineString", "coordinates": [[-73.981233, 40.577422], [-73.981083, 40.576635], [-73.980887, 40.576318], [-73.98052, 40.576134], [-73.980094, 40.576039], [-73.978088, 40.575771], [-73.977603, 40.575754], [-73.977114, 40.575801], [-73.97662, 40.575912], [-73.975939, 40.576127], [-73.974984, 40.576429], [-73.974389, 40.576618], [-73.973919, 40.576716], [-73.973498, 40.576744], [-73.968694, 40.576322], [-73.96821, 40.576308], [-73.967728, 40.576329], [-73.967249, 40.576385], [-73.961376, 40.577621], [-73.960354, 40.577839], [-73.959967, 40.577969], [-73.959643, 40.578223], [-73.95467, 40.585198], [-73.954477, 40.585536], [-73.954328, 40.585876], [-73.954225, 40.586216], [-73.954167, 40.586556], [-73.954155, 40.586896], [-73.954145, 40.587211], [-73.954121, 40.587552], [-73.954066, 40.588121], [-73.954052, 40.58845], [-73.954057, 40.588767], [-73.954087, 40.589147], [-73.954319, 40.590785], [-73.955161, 40.595246], [-73.955929, 40.5993], [-73.957502, 40.607591], [-73.957582, 40.607904], [-73.957734, 40.60867], [-73.957887, 40.609478], [-73.957939, 40.609875], [-73.959399, 40.617618], [-73.960803, 40.625039], [-73.961408, 40.628229], [-73.961483, 40.628599], [-73.961563, 40.628955], [-73.961639, 40.62927], [-73.961834, 40.630055], [-73.961911, 40.63039], [-73.961973, 40.630739], [-73.962793, 40.635082], [-73.963891, 40.640927], [-73.964492, 40.644031], [-73.964544, 40.644407], [-73.964564, 40.644777], [-73.96455, 40.645144], [-73.964502, 40.645506], [-73.964421, 40.645866], [-73.962982, 40.650527], [-73.962839, 40.651007], [-73.962696, 40.651478], [-73.962556, 40.651938], [-73.962416, 40.652389], [-73.962278, 40.652829], [-73.962142, 40.65326], [-73.962006, 40.653681], [-73.961495, 40.655292], [-73.961425, 40.65563], [-73.961382, 40.655959], [-73.961365, 40.656281], [-73.961383, 40.656696], [-73.961937, 40.660141], [-73.962004, 40.660452], [-73.962107, 40.660825], [-73.962246, 40.661614], [-73.962392, 40.662551], [-73.962475, 40.662913], [-73.962601, 40.663269], [-73.962771, 40.663619], [-73.972367, 40.67705], [-73.976398, 40.682608], [-73.976566, 40.682932], [-73.976675, 40.683264], [-73.97689, 40.68446], [-73.977416, 40.687181], [-73.977587, 40.687508], [-73.977928, 40.687703], [-73.978805, 40.688068], [-73.980474, 40.68873], [-73.980853, 40.688943], [-73.981117, 40.689232], [-73.981824, 40.690635], [-73.982304, 40.691559], [-73.983428, 40.693829], [-73.984126, 40.695079], [-73.985484, 40.69777], [-73.99501, 40.714878], [-73.995202, 40.715197], [-73.995454, 40.715498], [-73.995962, 40.716011], [-73.996287, 40.716268], [-73.996676, 40.71644], [-73.998177, 40.716956], [-73.998595, 40.71712], [-73.998974, 40.71732], [-74.00046, 40.718383], [-74.001326, 40.719004], [-74.001577, 40.719275], [-74.001592, 40.71965], [-73.997702, 40.724329], [-73.992629, 40.730328], [-73.991683, 40.731445], [-73.991482, 40.731736], [-73.991367, 40.732044], [-73.990568, 40.735736], [-73.990206, 40.737433], [-73.990134, 40.737745], [-73.990051, 40.738085], [-73.989604, 40.739792], [-73.989522, 40.740145], [-73.989462, 40.740489], [-73.989344, 40.741303], [-73.989192, 40.742643], [-73.989153, 40.742973], [-73.9891, 40.743314], [-73.988691, 40.745494], [-73.98795, 40.749567], [-73.98757, 40.751815], [-73.98751, 40.752127], [-73.987437, 40.752438], [-73.987353, 40.752749], [-73.986754, 40.754672], [-73.986201, 40.75643], [-73.986056, 40.756839], [-73.985893, 40.757229], [-73.985712, 40.757599], [-73.985514, 40.757949], [-73.985298, 40.75828], [-73.984139, 40.759901], [-73.980658, 40.764664], [-73.979499, 40.766254], [-73.978177, 40.768045], [-73.977798, 40.768475], [-73.977375, 40.768794], [-73.976909, 40.769], [-73.976399, 40.769095], [-73.975846, 40.769078], [-73.975249, 40.768949], [-73.974609, 40.768708], [-73.972148, 40.767269], [-73.971801, 40.767062], [-73.971456, 40.766885], [-73.966113, 40.764629], [-73.964558, 40.763973], [-73.964052, 40.763822], [-73.963574, 40.763744], [-73.963123, 40.76374], [-73.962698, 40.763808], [-73.962301, 40.763949], [-73.96193, 40.764162], [-73.961587, 40.764449], [-73.958883, 40.76809], [-73.95838, 40.76878], [-73.952225, 40.777215], [-73.951745, 40.777873], [-73.947656, 40.783471]]}}, {"type": "Feature", "properties": {"route": "R", "color": "#FCCC0A"}, "geometry": {"type": "LineString", "coordinates": [[-73.844521, 40.721691], [-73.847541, 40.723026], [-73.847975, 40.723253], [-73.848394, 40.723493], [-73.848797, 40.723747], [-73.849184, 40.724013], [-73.849556, 40.724292], [-73.849912, 40.724584], [-73.850252, 40.724889], [-73.850544, 40.725159], [-73.850942, 40.72549], [-73.851377, 40.7258], [-73.851849, 40.72609], [-73.852359, 40.726358], [-73.852719, 40.726523], [-73.853091, 40.726688], [-73.853554, 40.726887], [-73.853983, 40.727062], [-73.854378, 40.727216], [-73.861604, 40.729846], [-73.86471, 40.730985], [-73.865257, 40.731187], [-73.865768, 40.731397], [-73.866241, 40.731614], [-73.866676, 40.731838], [-73.867073, 40.73207], [-73.867444, 40.732287], [-73.867843, 40.732499], [-73.868274, 40.732706], [-73.868737, 40.732909], [-73.869229, 40.733106], [-73.869663, 40.733255], [-73.870111, 40.733401], [-73.870571, 40.733544], [-73.874126, 40.734593], [-73.874686, 40.734775], [-73.875194, 40.734988], [-73.87565, 40.735232], [-73.876054, 40.735507], [-73.876405, 40.735812], [-73.876705, 40.736148], [-73.876951, 40.736514], [-73.877223, 40.737015], [-73.878602, 40.739655], [-73.878794, 40.739977], [-73.879004, 40.740261], [-73.879295, 40.740561], [-73.880977, 40.741822], [-73.881316, 40.742045], [-73.881662, 40.742256], [-73.882017, 40.742454], [-73.882388, 40.742661], [-73.882775, 40.742862], [-73.884523, 40.743718], [-73.884885, 40.74389], [-73.891338, 40.746644], [-73.898453, 40.749669], [-73.906006, 40.752885], [-73.906786, 40.753221], [-73.908935, 40.754245], [-73.913333, 40.756312], [-73.914295, 40.756762], [-73.914655, 40.756933], [-73.917222, 40.758182], [-73.917638, 40.758356], [-73.918033, 40.758469], [-73.91859, 40.758523], [-73.919101, 40.758437], [-73.919568, 40.758213], [-73.91985, 40.757972], [-73.92074, 40.756879], [-73.921395, 40.756071], [-73.923728, 40.753072], [-73.923982, 40.752778], [-73.924291, 40.752545], [-73.924657, 40.752373], [-73.92507, 40.752262], [-73.92548, 40.752179], [-73.925903, 40.752119], [-73.926339, 40.752083], [-73.928781, 40.752039], [-73.931627, 40.75199], [-73.932184, 40.751957], [-73.932713, 40.75188], [-73.933212, 40.751758], [-73.933682, 40.751591], [-73.934122, 40.75138], [-73.934532, 40.751125], [-73.934913, 40.750826], [-73.936347, 40.749495], [-73.936655, 40.749251], [-73.93703, 40.749054], [-73.93978, 40.748061], [-73.940285, 40.747972], [-73.94075, 40.747977], [-73.941176, 40.748077], [-73.941561, 40.748273], [-73.941909, 40.748566], [-73.942897, 40.749595], [-73.943092, 40.749884], [-73.943172, 40.7502], [-73.943135, 40.751179], [-73.943179, 40.751586], [-73.943348, 40.751945], [-73.943643, 40.752258], [-73.944152, 40.752553], [-73.946938, 40.753765], [-73.959131, 40.75923], [-73.967258, 40.76266], [-73.972347, 40.764799], [-73.973347, 40.764811], [-73.973847, 40.764767], [-73.978276, 40.76654], [-73.978759, 40.766646], [-73.979166, 40.76655], [-73.979499, 40.766254], [-73.980658, 40.764664], [-73.984139, 40.759901], [-73.985298, 40.75828], [-73.985514, 40.757949], [-73.985712, 40.757599], [-73.985893, 40.757229], [-73.986056, 40.756839], [-73.986201, 40.75643], [-73.986754, 40.754672], [-73.987281, 40.752982], [-73.987375, 40.752671], [-73.987457, 40.75236], [-73.987526, 40.752049], [-73.98795, 40.749567], [-73.988691, 40.745494], [-73.989083, 40.743402], [-73.989138, 40.743075], [-73.98918, 40.742757], [-73.989344, 40.741303], [-73.989455, 40.740538], [-73.989512, 40.740195], [-73.98959, 40.739844], [-73.990037, 40.738136], [-73.990122, 40.737792], [-73.990195, 40.737476], [-73.990568, 40.735736], [-73.991358, 40.73209], [-73.99146, 40.731779], [-73.991649, 40.731485], [-73.992629, 40.730328], [-73.997702, 40.724329], [-74.001429, 40.71993], [-74.001611, 40.719584], [-74.001544, 40.719218], [-74.00046, 40.718383], [-74.001775, 40.719527], [-74.006242, 40.714236], [-74.006978, 40.713282], [-74.007447, 40.712722], [-74.007711, 40.712478], [-74.008353, 40.711676], [-74.008725, 40.71151], [-74.009165, 40.711537], [-74.009592, 40.711695], [-74.010032, 40.71177], [-74.01042, 40.711587], [-74.011029, 40.710668], [-74.013153, 40.707477], [-74.013357, 40.707201], [-74.013894, 40.706611], [-74.014053, 40.706297], [-74.013958, 40.705946], [-74.013614, 40.705514], [-74.013404, 40.705196], [-74.013312, 40.704791], [-74.013269, 40.704477], [-74.013213, 40.704107], [-74.013156, 40.703792], [-74.012994, 40.703087], [-74.012658, 40.701808], [-74.012532, 40.701476], [-74.012346, 40.701177], [-74.012097, 40.700913], [-74.011786, 40.700682], [-74.011412, 40.700483], [-74.01011, 40.699942], [-73.999159, 40.696176], [-73.998764, 40.696046], [-73.99826, 40.695888], [-73.997782, 40.695749], [-73.997331, 40.695626], [-73.991777, 40.6941], [-73.990788, 40.693825], [-73.99035, 40.693654], [-73.99001, 40.693389], [-73.989809, 40.693111], [-73.989608, 40.692766], [-73.989288, 40.6925], [-73.988848, 40.692335], [-73.988439, 40.692277], [-73.985942, 40.69218], [-73.983329, 40.692082], [-73.982862, 40.692014], [-73.982467, 40.691792], [-73.981824, 40.690635], [-73.981205, 40.689405], [-73.980999, 40.689078], [-73.980678, 40.688827], [-73.978805, 40.688068], [-73.978469, 40.687815], [-73.978312, 40.687496], [-73.97798, 40.685237], [-73.97804, 40.684897], [-73.978198, 40.684598], [-73.97881, 40.683666], [-73.98311, 40.677316], [-73.983623, 40.676552], [-73.98382, 40.676259], [-73.984059, 40.675942], [-73.988302, 40.670847], [-73.992403, 40.66593], [-73.992644, 40.665655], [-73.998091, 40.660397], [-74.003549, 40.655144], [-74.005194, 40.653563], [-74.005377, 40.65324], [-74.005337, 40.652917], [-73.999495, 40.649349], [-73.998985, 40.649102], [-73.994324, 40.646292], [-73.993237, 40.645636], [-73.992927, 40.645334], [-73.992803, 40.645029], [-73.99291, 40.644643], [-73.993928, 40.64367], [-73.994163, 40.64339], [-73.994263, 40.643071], [-73.994304, 40.640914], [-73.99432, 40.640167], [-73.99434, 40.639847], [-73.994373, 40.63952], [-73.994791, 40.63626], [-73.995292, 40.632328], [-73.995353, 40.631958], [-73.995431, 40.631605], [-73.996895, 40.626472], [-73.998864, 40.619589], [-74.00061, 40.613501], [-74.001762, 40.609472], [-74.001831, 40.609144], [-74.001736, 40.607954], [-74.001634, 40.60709], [-74.001518, 40.60678], [-74.001258, 40.606458], [-73.998168, 40.604556], [-73.993728, 40.601875]]}}, {"type": "Feature", "properties": {"route": "SI", "color": "#808183"}, "geometry": {"type": "LineString", "coordinates": [[-74.073643, 40.643748], [-74.073925, 40.643437], [-74.074166, 40.643121], [-74.074366, 40.6428], [-74.074527, 40.642473], [-74.074647, 40.64214], [-74.075301, 40.639459], [-74.075353, 40.639121], [-74.075349, 40.638791], [-74.075291, 40.63847], [-74.075058, 40.63775], [-74.07495, 40.637401], [-74.074867, 40.63709], [-74.074798, 40.63677], [-74.074579, 40.635364], [-74.07453, 40.63505], [-74.074363, 40.634155], [-74.07431, 40.63376], [-74.074314, 40.633373], [-74.074375, 40.632994], [-74.074494, 40.632623], [-74.074671, 40.632261], [-74.074938, 40.631765], [-74.075105, 40.63139], [-74.075226, 40.63101], [-74.0753, 40.630626], [-74.075329, 40.630256], [-74.075336, 40.629924], [-74.075326, 40.629569], [-74.0753, 40.629189], [-74.075162, 40.627915], [-74.075052, 40.62707], [-74.074983, 40.626669], [-74.074878, 40.626308], [-74.074739, 40.625986], [-74.073516, 40.624241], [-74.073125, 40.623711], [-74.072911, 40.623436], [-74.072398, 40.622839], [-74.072166, 40.622559], [-74.071933, 40.622244], [-74.071402, 40.621319], [-74.071212, 40.620885], [-74.071136, 40.620457], [-74.071172, 40.620036], [-74.071288, 40.61968], [-74.071464, 40.619358], [-74.071675, 40.619065], [-74.071942, 40.618767], [-74.072263, 40.618502], [-74.072642, 40.618268], [-74.0732, 40.617977], [-74.073537, 40.617779], [-74.073855, 40.617561], [-74.074153, 40.617323], [-74.074433, 40.617066], [-74.074694, 40.616788], [-74.074937, 40.61649], [-74.07516, 40.616172], [-74.078919, 40.609835], [-74.079111, 40.609517], [-74.079316, 40.609198], [-74.079537, 40.608877], [-74.079773, 40.608555], [-74.080023, 40.60823], [-74.084087, 40.603117], [-74.084551, 40.602529], [-74.084853, 40.60213], [-74.085129, 40.601721], [-74.085379, 40.601302], [-74.085602, 40.600874], [-74.085801, 40.600437], [-74.086673, 40.598098], [-74.086827, 40.597713], [-74.087003, 40.59732], [-74.087151, 40.59702], [-74.087312, 40.596716], [-74.087682, 40.596087], [-74.088045, 40.595547], [-74.088436, 40.595025], [-74.088855, 40.594521], [-74.089303, 40.594035], [-74.08978, 40.593568], [-74.090285, 40.593119], [-74.09082, 40.592688], [-74.09609, 40.588849], [-74.103338, 40.583591], [-74.109704, 40.578965], [-74.110335, 40.578505], [-74.112157, 40.577125], [-74.112459, 40.576896], [-74.11721, 40.57348], [-74.118668, 40.572428], [-74.119029, 40.572167], [-74.11939, 40.57189], [-74.119751, 40.571599], [-74.12011, 40.571294], [-74.120468, 40.570975], [-74.120825, 40.570642], [-74.12118, 40.570294], [-74.124882, 40.566412], [-74.12518, 40.566119], [-74.125491, 40.565827], [-74.125816, 40.565536], [-74.12632, 40.56511], [-74.134957, 40.557931], [-74.135265, 40.557676], [-74.135608, 40.557398], [-74.135985, 40.557098], [-74.13629, 40.556858], [-74.136907, 40.5564], [-74.137638, 40.555885], [-74.138043, 40.555623], [-74.138471, 40.555365], [-74.138922, 40.555112], [-74.139396, 40.554862], [-74.139893, 40.554617], [-74.14121, 40.553992], [-74.141654, 40.55379], [-74.142098, 40.553602], [-74.142542, 40.553427], [-74.142986, 40.553266], [-74.143429, 40.553118], [-74.143858, 40.552995], [-74.144301, 40.552886], [-74.144757, 40.552791], [-74.145226, 40.55271], [-74.145709, 40.552643], [-74.147702, 40.552415], [-74.148287, 40.552333], [-74.14885, 40.55222], [-74.149392, 40.552074], [-74.149913, 40.551897], [-74.150411, 40.551688], [-74.151399, 40.551231], [-74.152956, 40.550502], [-74.153402, 40.550286], [-74.153906, 40.550037], [-74.154471, 40.549756], [-74.155095, 40.549444], [-74.155779, 40.5491], [-74.156143, 40.548916], [-74.156522, 40.548724], [-74.156917, 40.548524], [-74.157326, 40.548317], [-74.157749, 40.5481], [-74.162046, 40.545924], [-74.16457, 40.544601], [-74.166135, 40.543787], [-74.166546, 40.543583], [-74.166952, 40.543387], [-74.167355, 40.5432], [-74.167754, 40.543023], [-74.168149, 40.542855], [-74.168541, 40.542697], [-74.168929, 40.542547], [-74.169313, 40.542407], [-74.169693, 40.542276], [-74.170442, 40.542043], [-74.171177, 40.541846], [-74.171897, 40.541685], [-74.178217, 40.54046], [-74.179413, 40.540217], [-74.179828, 40.540127], [-74.180387, 40.540003], [-74.180865, 40.539892], [-74.181264, 40.539795], [-74.181672, 40.539687], [-74.182093, 40.539569], [-74.18254, 40.539431], [-74.183012, 40.539272], [-74.183508, 40.539094], [-74.184028, 40.538895], [-74.184641, 40.538643], [-74.185233, 40.538383], [-74.185804, 40.538117], [-74.186355, 40.537844], [-74.186883, 40.537565], [-74.187391, 40.53728], [-74.187878, 40.536988], [-74.188341, 40.536687], [-74.188789, 40.536374], [-74.189226, 40.536049], [-74.189654, 40.535711], [-74.190073, 40.535361], [-74.190482, 40.534999], [-74.190881, 40.534625], [-74.191268, 40.534239], [-74.191794, 40.533674], [-74.198141, 40.526961], [-74.198488, 40.526618], [-74.198854, 40.526302], [-74.199239, 40.526011], [-74.199643, 40.525746], [-74.200064, 40.525507], [-74.20047, 40.525307], [-74.200896, 40.525122], [-74.20134, 40.524955], [-74.201801, 40.524804], [-74.20228, 40.52467], [-74.202776, 40.524552], [-74.20329, 40.524451], [-74.209653, 40.523537], [-74.210084, 40.523476], [-74.210498, 40.523427], [-74.214686, 40.522924], [-74.215149, 40.522871], [-74.215599, 40.522813], [-74.216035, 40.52275], [-74.21646, 40.522683], [-74.216872, 40.522611], [-74.217466, 40.522494], [-74.217917, 40.522394], [-74.218373, 40.522287], [-74.218803, 40.522177], [-74.224099, 40.520685], [-74.224521, 40.520577], [-74.224944, 40.520476], [-74.225368, 40.52038], [-74.229141, 40.519631], [-74.238373, 40.517812], [-74.239535, 40.517585], [-74.239944, 40.517478], [-74.240344, 40.517349], [-74.240735, 40.517198], [-74.242872, 40.516194], [-74.243237, 40.516035], [-74.243621, 40.515895], [-74.244025, 40.515773], [-74.244786, 40.515604], [-74.245214, 40.515517], [-74.245689, 40.515401], [-74.246451, 40.515198], [-74.24773, 40.514828], [-74.248217, 40.514675], [-74.248693, 40.514507], [-74.249159, 40.514325], [-74.249614, 40.51413], [-74.250059, 40.51392], [-74.250493, 40.513696], [-74.250917, 40.513458], [-74.251961, 40.512764]]}}, {"type": "Feature", "properties": {"route": "W", "color": "#FCCC0A"}, "geometry": {"type": "LineString", "coordinates": [[-73.912034, 40.775036], [-73.917843, 40.770258], [-73.919982, 40.768421], [-73.920271, 40.768157], [-73.920542, 40.767889], [-73.920795, 40.767617], [-73.921479, 40.766779], [-73.925508, 40.76182], [-73.929575, 40.756804], [-73.932755, 40.752882], [-73.93357, 40.751879], [-73.933836, 40.751602], [-73.934573, 40.751108], [-73.934871, 40.750874], [-73.936459, 40.749415], [-73.936856, 40.749205], [-73.937348, 40.749192], [-73.937781, 40.749392], [-73.938177, 40.749637], [-73.938574, 40.749856], [-73.938974, 40.750049], [-73.940202, 40.750582], [-73.941087, 40.750963], [-73.941429, 40.751192], [-73.941718, 40.751448], [-73.942083, 40.751651], [-73.944152, 40.752553], [-73.946938, 40.753765], [-73.959131, 40.75923], [-73.967258, 40.76266], [-73.972347, 40.764799], [-73.973347, 40.764811], [-73.973847, 40.764767], [-73.978276, 40.76654], [-73.978759, 40.766646], [-73.979166, 40.76655], [-73.979499, 40.766254], [-73.980658, 40.764664], [-73.984139, 40.759901], [-73.985298, 40.75828], [-73.985514, 40.757949], [-73.985712, 40.757599], [-73.985893, 40.757229], [-73.986056, 40.756839], [-73.986201, 40.75643], [-73.986754, 40.754672], [-73.987281, 40.752982], [-73.987375, 40.752671], [-73.987457, 40.75236], [-73.987526, 40.752049], [-73.98795, 40.749567], [-73.988691, 40.745494], [-73.989083, 40.743402], [-73.989138, 40.743075], [-73.98918, 40.742757], [-73.989344, 40.741303], [-73.989455, 40.740538], [-73.989512, 40.740195], [-73.98959, 40.739844], [-73.990037, 40.738136], [-73.990122, 40.737792], [-73.990195, 40.737476], [-73.990568, 40.735736], [-73.991358, 40.73209], [-73.99146, 40.731779], [-73.991649, 40.731485], [-73.992629, 40.730328], [-73.997702, 40.724329], [-74.001429, 40.71993], [-74.001611, 40.719584], [-74.001544, 40.719218], [-74.00046, 40.718383], [-74.001775, 40.719527], [-74.006242, 40.714236], [-74.006978, 40.713282], [-74.007447, 40.712722], [-74.007711, 40.712478], [-74.008353, 40.711676], [-74.008725, 40.71151], [-74.009165, 40.711537], [-74.009592, 40.711695], [-74.010032, 40.71177], [-74.01042, 40.711587], [-74.011029, 40.710668], [-74.013153, 40.707477], [-74.013357, 40.707201], [-74.013894, 40.706611], [-74.014053, 40.706297], [-74.013958, 40.705946], [-74.013614, 40.705514], [-74.013404, 40.705196], [-74.013312, 40.704791], [-74.013269, 40.704477], [-74.013213, 40.704107], [-74.013156, 40.703792], [-74.012994, 40.703087], [-74.012658, 40.701808], [-74.012532, 40.701476], [-74.012346, 40.701177], [-74.012097, 40.700913], [-74.011786, 40.700682], [-74.011412, 40.700483], [-74.01011, 40.699942], [-73.999159, 40.696176], [-73.998764, 40.696046], [-73.99826, 40.695888], [-73.997782, 40.695749], [-73.997331, 40.695626], [-73.991777, 40.6941], [-73.990788, 40.693825], [-73.99035, 40.693654], [-73.99001, 40.693389], [-73.989809, 40.693111], [-73.989608, 40.692766], [-73.989288, 40.6925], [-73.988848, 40.692335], [-73.988439, 40.692277], [-73.985942, 40.69218], [-73.983329, 40.692082], [-73.982862, 40.692014], [-73.982467, 40.691792], [-73.981824, 40.690635], [-73.981205, 40.689405], [-73.980999, 40.689078], [-73.980678, 40.688827], [-73.978805, 40.688068], [-73.978469, 40.687815], [-73.978312, 40.687496], [-73.97798, 40.685237], [-73.97804, 40.684897], [-73.978198, 40.684598], [-73.97881, 40.683666], [-73.98311, 40.677316], [-73.983623, 40.676552], [-73.98382, 40.676259], [-73.984059, 40.675942], [-73.988302, 40.670847], [-73.992403, 40.66593], [-73.992644, 40.665655], [-73.998091, 40.660397], [-74.003549, 40.655144], [-74.005194, 40.653563], [-74.005377, 40.65324], [-74.005337, 40.652917], [-73.999495, 40.649349], [-73.998985, 40.649102], [-73.994324, 40.646292], [-73.993237, 40.645636], [-73.992927, 40.645334], [-73.992803, 40.645029], [-73.99291, 40.644643], [-73.993928, 40.64367], [-73.994163, 40.64339], [-73.994263, 40.643071], [-73.994304, 40.640914], [-73.99432, 40.640167], [-73.99434, 40.639847], [-73.994373, 40.63952], [-73.994791, 40.63626], [-73.995292, 40.632328], [-73.995353, 40.631958], [-73.995431, 40.631605], [-73.996895, 40.626472], [-73.998864, 40.619589], [-74.00061, 40.613501], [-74.001762, 40.609472], [-74.001831, 40.609144], [-74.001736, 40.607954], [-74.001634, 40.60709], [-74.001518, 40.60678], [-74.001258, 40.606458], [-73.998168, 40.604556], [-73.993728, 40.601875]]}}, {"type": "Feature", "properties": {"route": "Z", "color": "#996633"}, "geometry": {"type": "LineString", "coordinates": [[-73.801109, 40.702147], [-73.803388, 40.701633], [-73.803798, 40.701545], [-73.806654, 40.700823], [-73.807969, 40.700486], [-73.808384, 40.700357], [-73.808782, 40.700197], [-73.809189, 40.700024], [-73.809612, 40.699881], [-73.811105, 40.699458], [-73.813427, 40.698794], [-73.813939, 40.698661], [-73.814447, 40.698561], [-73.814951, 40.698494], [-73.815451, 40.698461], [-73.815947, 40.69846], [-73.816439, 40.698492], [-73.816926, 40.698558], [-73.817409, 40.698656], [-73.817888, 40.698788], [-73.818362, 40.698953], [-73.818832, 40.699151], [-73.819298, 40.699382], [-73.81976, 40.699646], [-73.820218, 40.699943], [-73.820667, 40.700273], [-73.821368, 40.700828], [-73.821691, 40.70104], [-73.822201, 40.701276], [-73.822739, 40.701412], [-73.823305, 40.701449], [-73.823901, 40.701387], [-73.825086, 40.701081], [-73.825526, 40.700967], [-73.825988, 40.700873], [-73.828294, 40.700492], [-73.829627, 40.700278], [-73.830037, 40.700198], [-73.830468, 40.700105], [-73.831794, 40.699771], [-73.832227, 40.699628], [-73.832615, 40.699466], [-73.835503, 40.697906], [-73.835861, 40.697707], [-73.836191, 40.697513], [-73.838203, 40.696163], [-73.838604, 40.695932], [-73.839029, 40.695736], [-73.839477, 40.695575], [-73.839948, 40.695451], [-73.840442, 40.695363], [-73.840868, 40.695312], [-73.841398, 40.695258], [-73.841885, 40.695222], [-73.842328, 40.695203], [-73.84433, 40.695178], [-73.845102, 40.69517], [-73.84559, 40.695147], [-73.846026, 40.695099], [-73.850124, 40.69431], [-73.850578, 40.694202], [-73.851062, 40.694059], [-73.851471, 40.693919], [-73.853777, 40.693067], [-73.854233, 40.692926], [-73.854712, 40.69282], [-73.855215, 40.69275], [-73.858862, 40.692537], [-73.859321, 40.692506], [-73.85978, 40.692461], [-73.86197, 40.692174], [-73.862424, 40.692108], [-73.8657, 40.691556], [-73.866148, 40.691478], [-73.867139, 40.691324], [-73.868193, 40.691163], [-73.868629, 40.69108], [-73.871142, 40.690449], [-73.871537, 40.69034], [-73.871932, 40.690206], [-73.87255, 40.689941], [-73.873578, 40.689501], [-73.873882, 40.689226], [-73.873906, 40.688907], [-73.87333, 40.687236], [-73.873222, 40.686921], [-73.87312, 40.686608], [-73.872326, 40.684107], [-73.872359, 40.683753], [-73.872657, 40.68352], [-73.873785, 40.683194], [-73.879022, 40.681705], [-73.879429, 40.68159], [-73.879836, 40.681471], [-73.884639, 40.679947], [-73.889574, 40.678375], [-73.889977, 40.678281], [-73.891688, 40.678024], [-73.898654, 40.676992], [-73.899559, 40.67686], [-73.899999, 40.676883], [-73.904512, 40.679498], [-73.910456, 40.682893], [-73.916559, 40.68637], [-73.92227, 40.68963], [-73.928814, 40.693342], [-73.934679, 40.696654], [-73.935657, 40.697207], [-73.941126, 40.70026], [-73.941937, 40.700727], [-73.942299, 40.700948], [-73.942652, 40.701178], [-73.94301, 40.701401], [-73.947408, 40.703869], [-73.951411, 40.706102], [-73.951765, 40.706278], [-73.953431, 40.70687], [-73.957757, 40.708359], [-73.959184, 40.70885], [-73.960708, 40.710006], [-73.961046, 40.710199], [-73.978898, 40.715626], [-73.984387, 40.717289], [-73.984791, 40.717421], [-73.985293, 40.717615], [-73.985681, 40.717761], [-73.987437, 40.718315], [-73.990892, 40.719363], [-73.993915, 40.72028], [-73.996655, 40.721196], [-73.997124, 40.721219], [-73.99749, 40.720993], [-73.99894, 40.719273], [-73.999173, 40.718993], [-73.999892, 40.718092], [-74.00032, 40.71757], [-74.000552, 40.717276], [-74.002475, 40.714666], [-74.002677, 40.714386], [-74.003401, 40.713243], [-74.003802, 40.712622], [-74.00412, 40.712367], [-74.004682, 40.712242], [-74.005095, 40.712147], [-74.007108, 40.710784], [-74.007395, 40.710551], [-74.007677, 40.710287], [-74.007938, 40.710023], [-74.00872, 40.709218], [-74.008989, 40.708958], [-74.009276, 40.708706], [-74.009545, 40.708428], [-74.01036, 40.707526], [-74.010591, 40.707228], [-74.011056, 40.706476]]}}]}